Average_MAR,Yawn
0.34418191394204806,0
0.5000724772665514,0
0.5164561489312856,0
0.4544334243406756,0
0.4082130224044816,0
0.34810004522634863,0
0.34119668593294206,0
0.317546633120394,0
0.32191715177156593,0
0.3194690376420525,0
0.3288894740774206,0
0.3449034601839708,0
0.3501486563740908,0
0.34783090161,0
0.3215509679680619,0
0.33117334175785224,0
0.33100633374551525,0
0.34340749005172877,0
0.34590112621596547,0
0.35090167387260174,0
0.35878980883590084,0
0.34590112621596547,0
0.3515102308280068,0
0.3583643604397659,0
0.4279738446588259,0
0.4929891829077096,0
0.43140425039759456,0
0.38646491264816973,0
0.36391011458071254,0
0.36391011458071254,0
0.36379412347673207,0
0.3432928234037377,0
0.34810004522634863,0
0.3479404489020794,0
0.3714143165491377,0
0.3435696277130149,0
0.36040214898022155,0
0.36834152882356547,0
0.3458637294780632,0
0.35533091921912147,0
0.38249429163614246,0
0.36970451929358966,0
0.35576478960990965,0
0.3628595206554236,0
0.384151775706432,0
0.37695089610518384,0
0.37156588330368123,0
0.35739244725370145,0
0.3625705046643797,0
0.35533091921912147,0
0.35518003434733764,0
0.3479404489020794,0
0.33344921706748376,0
0.35102473344769586,0
0.35847983918237675,0
0.36242565026463547,0
0.36779405887054123,0
0.3623115423801055,0
0.36936113922618435,0
0.376911314974597,0
0.3542853388098289,0
0.3945023441017072,0
0.3777167781844477,0
0.39226992066094263,0
0.38815992950255096,0
0.3734327165133374,0
0.3731288198241334,0
0.3505942082684614,0
0.35029154503801596,0
0.3523942536111776,0
0.376911314974597,0
0.362463710191258,0
0.35305612189569957,0
0.3552233644849901,0
0.37152797421994194,0
0.41329773702418565,0
0.5004078306136872,0
0.5005098506138529,0
0.4560701700396552,0
0.41415657320842575,0
0.38263564209581435,0
0.3677542952011596,0
0.35366774074625806,0
0.38249429163614246,0
0.3677542952011596,0
0.34590112621596547,0
0.3625705046643797,0
0.3751064414220977,0
0.36779405887054123,0
0.37514135045967184,0
0.36779405887054123,0
0.3582048037264071,0
0.35086934553847754,0
0.33060034585112164,0
0.35847983918237675,0
0.35305612189569957,0
0.3731173231744467,0
0.31741009690580824,0
0.3340234337907012,0
0.35739199052418424,0
0.35739199052418424,0
0.32194583087745093,0
0.33799464611332136,0
0.33832146899899473,0
0.35235930599829735,0
0.33359038626016685,0
0.3404299109679241,0
0.33814128156221596,0
0.35045119614410664,0
0.3387270626013465,0
0.32686553518341616,0
0.3453236115047039,0
0.3592546759747557,0
0.3265584342251898,0
0.33378228661731935,0
0.3403895617645549,0
0.3598171019386238,0
0.35771337434263506,0
0.3288788994510814,0
0.3451769760558093,0
0.3403895617645549,0
0.3504275147393308,0
0.35957477951346883,0
0.35253531832136586,0
0.3502558064729035,0
0.35771020000964665,0
0.3625705046643797,0
0.35045119614410664,0
0.36625166432264955,0
0.373241951800037,0
0.36790127935541533,0
0.35320975656258524,0
0.35518606481937726,0
0.3677542952011596,0
0.3556139047381258,0
0.373266450825437,0
0.3696941204730617,0
0.3751064414220977,0
0.3714143165491377,0
0.3648282753571805,0
0.3645286313049822,0
0.3644285143313829,0
0.35340003980684964,0
0.36072542538404734,0
0.36086678367652436,0
0.36998861084073437,0
0.3555019414972529,0
0.3530942963156517,0
0.34797698767339585,0
0.38263564209581435,0
0.36967126618193324,0
0.347499888977689,0
0.3473610555999556,0
0.3544048167857151,0
0.38232896018617224,0
0.37152797421994194,0
0.37552417283121625,0
0.381023356791371,0
0.3755662405465604,0
0.3434513511256042,0
0.35616240804749155,0
0.35629402758063544,0
0.34921067406825973,0
0.3127254693569144,0
0.3436770762710471,0
0.3014238104361083,0
0.27450232561927324,0
0.2931030096069271,0
0.27214421208209366,0
0.2595638245353004,0
0.2750375263127969,0
0.2566158525810059,0
0.2563877566052273,0
0.31339365185693774,0
0.28754596133829274,0
0.3014238104361083,0
0.29331715522264157,0
0.2832428700335877,0
0.28684483637421526,0
0.3074651546319818,0
0.28633341343162627,0
0.27987141179738967,0
0.3110928272104596,0
0.2990293677153795,0
0.31119159018662035,0
0.3013252530505639,0
0.30888879020239024,0
0.305365075658347,0
0.31119159018662035,0
0.28684483637421526,0
0.2903861306504401,0
0.2990293677153795,0
0.29926548606200276,0
0.284218874894354,0
0.3184200074993726,0
0.3514812409629417,0
0.38366222096231617,0
0.3612446087674679,0
0.3699550995333182,0
0.3221790408279492,0
0.3552619566484329,0
0.33168554619717866,0
0.3360025574070279,0
0.31820431622799467,0
0.305471124450463,0
0.308200243812551,0
0.32053562168661737,0
0.3292517659486495,0
0.3014557463875774,0
0.30023730033231827,0
0.31053260605424127,0
0.2787462202484323,0
0.3014557463875774,0
0.2858376852229102,0
0.2911834668440933,0
0.2952098889075451,0
0.33162644305425093,0
0.3252148893606105,0
0.34555018611960847,0
0.3194812457998019,0
0.28761333650101023,0
0.2992452634826855,0
0.3343713452924262,0
0.32565229477314844,0
0.34155803245139205,0
0.3235355101981111,0
0.37818874691099097,0
0.3566806494560336,0
0.3357011662478509,0
0.3673688790597737,0
0.35454069240919234,0
0.3085538271412608,0
0.3067252405763637,0
0.3208863076974249,0
0.3296161172972614,0
0.321241533020518,0
0.2980100206263418,0
0.3196995245760938,0
0.329498904395266,0
0.3317309703710122,0
0.3586493490989783,0
0.32362178500830346,0
0.3253783952642002,0
0.32352556922350767,0
0.34588221918515694,0
0.3378567658859309,0
0.34179675098709084,0
0.33959642985495175,0
0.3642710990346825,0
0.35844704674670486,0
0.3618422840034042,0
0.3419055689434324,0
0.34368869157033205,0
0.3418729796802262,0
0.34147071232226106,0
0.35216972382650935,0
0.31930022851052925,0
0.3294695522709283,0
0.3379359294202432,0
0.3293308781437639,0
0.27514197215965774,0
0.305304282307932,0
0.34298064563941383,0
0.364981751368636,0
0.3514491524760019,0
0.3868620972141512,0
0.3853722142522812,0
0.3853370316882555,0
0.3514491524760019,0
0.3469229821668717,0
0.34472967571887575,0
0.33810800008640013,0
0.337942063717707,0
0.32477775513834306,0
0.3248051428986598,0
0.33142347836953884,0
0.3378835026792509,0
0.3379119956170828,0
0.3230071337644549,0
0.3399854861200511,0
0.32935726155082756,0
0.34636271781547534,0
0.34639118169503325,0
0.3334565619392011,0
0.34639118169503325,0
0.35276821244162565,0
0.2824990737114738,0
0.2508977788170408,0
0.24470688916335573,0
0.23116575149122662,0
0.21772773601667175,0
0.2510040624858892,0
0.24235072676864483,0
0.24189185882840214,0
0.24172570854906766,0
0.23670504065481907,0
0.23682793693157483,0
0.23682793693157483,0
0.2317219098139262,0
0.2640238370329427,0
0.23450828990990086,0
0.25034587377286216,0
0.24478737557829627,0
0.26190531045679816,0
0.2502205274666662,0
0.228875105532855,0
0.245333388907882,0
0.23988296622833083,0
0.23704529953876094,0
0.24185638402591886,0
0.2527703718486564,0
0.2623685913670936,0
0.24737808921128895,0
0.27118731053795164,0
0.2507444762679592,0
0.26563147836957224,0
0.25578523480120047,0
0.25606140536510485,0
0.2341302843931807,0
0.2535728806683094,0
0.24532347748142,0
0.22583087048273393,0
0.24214770716696912,0
0.2510862573378185,0
0.23148149112603517,0
0.2503860019481285,0
0.26404989793529543,0
0.2755917316998324,0
0.23451974451996555,0
0.2614480845066368,0
0.2420230168781912,0
0.24483636816748192,0
0.23994008937756078,0
0.25589561280119705,0
0.2455412464881553,0
0.2809339861201458,0
0.26404989793529543,0
0.2612959711173157,0
0.27736456745583193,0
0.26060654593253574,0
0.26364436529640756,0
0.2695322951744211,0
0.25068193284318185,0
0.28455544077455036,0
0.23415675860672217,0
0.2894224071295887,0
0.2721802920521671,0
0.26084473475960435,0
0.28256298356380505,0
0.26406968720450874,0
0.2611828557030205,0
0.25566494720269384,0
0.25609522790213146,0
0.23941002388595575,0
0.24768762711915068,0
0.25649546990785704,0
0.25869252216079125,0
0.25280559271582503,0
0.26709617363538246,0
0.26108049375119086,0
0.2752075211040282,0
0.2750084319621499,0
0.26174551363406223,0
0.266832171410985,0
0.2859082723666444,0
0.27826388142884284,0
0.2502214022574145,0
0.26918438668391226,0
0.2745906296706162,0
0.27525736098631853,0
0.26965120662346026,0
0.2500644607848193,0
0.25088346561047203,0
0.26444553632038437,0
0.26661475113838856,0
0.25875574460605966,0
0.2773215197595078,0
0.2860672349173274,0
0.26717855733113116,0
0.2725330190102354,0
0.26706289533652,0
0.2448513573368938,0
0.27283912770629465,0
0.2563573654058122,0
0.2666348346369854,0
0.2504990102400061,0
0.2859255347529162,0
0.2722818718171876,0
0.26137310190717555,0
0.26383018055583307,0
0.2769886330669772,0
0.28280094289416907,0
0.2724321631928204,0
0.2746065033376914,0
0.2747104423663278,0
0.2811676080033231,0
0.2814421474317041,0
0.2672699778668997,0
0.2787909189173547,0
0.2760831915669369,0
0.28977570736597286,0
0.2980931291478152,0
0.2812765862876642,0
0.2892441994985397,0
0.29540139859076225,0
0.27226578853817435,0
0.293509523890881,0
0.303060029951611,0
0.3014588048130989,0
0.28929775166973304,0
0.31900998351621457,0
0.30500268436302813,0
0.28675042478393353,0
0.27471398724303336,0
0.3003924175046823,0
0.2925478801669419,0
0.2968231277149487,0
0.3002174403040327,0
0.29227703896797375,0
0.31399151385799906,0
0.3190774520623964,0
0.2912985776042332,0
0.30196301600853964,0
0.3142000743155814,0
0.2870606832989,0
0.25021218834515035,0
0.3138321882875846,0
0.29420394478717027,0
0.24448491261288627,0
0.2397580781681808,0
0.2692277703985395,0
0.2833829760457129,0
0.280261946633166,0
0.29183678656469153,0
0.2835000108205964,0
0.2884082360869185,0
0.2663220257345583,0
0.2705866062182605,0
0.25304259314211575,0
0.2339346135583486,0
0.2377621631624414,0
0.2448981516335551,0
0.2474143471721074,0
0.25836746990372184,0
0.25302318824131337,0
0.25893398727134126,0
0.2664017864829371,0
0.28577028574066965,0
0.26593281450390543,0
0.28194955147068557,0
0.26603467601264535,0
0.2616374595737599,0
0.2529798585202778,0
0.2841560476540324,0
0.29393420665692244,0
0.28505920661790923,0
0.273298909463359,0
0.3028839144379417,0
0.2781780796071155,0
0.27304132150972216,0
0.24826024585371861,0
0.29801506641182046,0
0.2704323086941944,0
0.25919847875537544,0
0.2868931458506815,0
0.308954546710419,0
0.29788960240332696,0
0.27886375200913144,0
0.278569066532416,0
0.2833938008694541,0
0.2868931458506815,0
0.2910833458009066,0
0.2897136503479184,0
0.28431809098174554,0
0.2933094506164406,0
0.2954327117039157,0
0.29804538456708307,0
0.28280094289416907,0
0.2746858936649618,0
0.28130014835736133,0
0.2705930411355436,0
0.28829588446476523,0
0.33530632067428195,0
0.331608401403352,0
0.33551841663497056,0
0.34483224010247465,0
0.35147559314588755,0
0.3580424628939878,0
0.35492990115108336,0
0.3579269913965177,0
0.34723434241199747,0
0.3543649377720974,0
0.3426861969423748,0
0.38733914348385706,0
0.32397933680113633,0
0.31600672880986747,0
0.29756043055643167,0
0.32760224867440874,0
0.32975921655653323,0
0.34481416233278844,0
0.3162173954824602,0
0.30139769208923367,0
0.3547458680269784,0
0.32993683924714357,0
0.3564132102122279,0
0.3663645820694212,0
0.3058763603791684,0
0.3277012814586832,0
0.35963528668941347,0
0.39292611881140277,0
0.3690045215904881,0
0.3826826383336454,0
0.38669757234007274,0
0.3694930069636511,0
0.3749892345097698,0
0.35629541655561314,0
0.32233415733244614,0
0.34702936241729493,0
0.33916006113920016,0
0.3469712966408299,0
0.34307472164489716,0
0.35073997423759445,0
0.3318138462300269,0
0.3374527682963248,0
0.35811179945912036,0
0.2907352980363986,0
0.3427942827980643,0
0.35073997423759445,0
0.3604614038261193,0
0.3162173954824602,0
0.3296564263823917,0
0.34677719817130065,0
0.3276636214537948,0
0.35990134316720673,0
0.372430864178441,0
0.31416904136487894,0
0.3754301053867696,0
0.36843644137045406,0
0.3697271044775851,0
0.3793974025197607,0
0.36946915254566803,0
0.35236497247244,0
0.3547458680269784,0
0.3429721157440533,0
0.3508524144780125,0
0.33533328319612166,0
0.3410764110001393,0
0.3526394714489233,0
0.3509219292059961,0
0.3394539199262502,0
0.3599663810814196,0
0.3487672695087628,0
0.36965551899087506,0
0.3693830897020143,0
0.349226824905965,0
0.3794844602119351,0
0.3508524144780125,0
0.36081542876502654,0
0.3338170280703129,0
0.3706544746891902,0
0.34694687673790525,0
0.3663451250238968,0
0.36824038944003107,0
0.385203581957942,0
0.35481779784449174,0
0.3794844602119351,0
0.3583863515935896,0
0.3653183407566724,0
0.35811179945912036,0
0.36671104642147845,0
0.3540885821790536,0
0.37111670074074604,0
0.36966221880473343,0
0.33351846710674743,0
0.36372012658131303,0
0.3506442217143766,0
0.3797453939544336,0
0.33915381522208604,0
0.35639096853978114,0
0.3621348210082315,0
0.3431971157440533,0
0.3606282352746782,0
0.33172041235111777,0
0.37791781360864096,0
0.36946915254566803,0
0.37118835968522024,0
0.358020186973187,0
0.3739762831080512,0
0.3242340872055233,0
0.3430969341582385,0
0.36946915254566803,0
0.36240387160688137,0
0.37015623894098354,0
0.35426100420597445,0
0.35502586705824496,0
0.3666420876962953,0
0.388324400226108,0
0.3527305339349987,0
0.34921191356987286,0
0.3655087107282758,0
0.33731851977586963,0
0.3663451250238968,0
0.38548230327753535,0
0.3416594151831395,0
0.4007493046892755,0
0.362427810826223,0
0.3739762831080512,0
0.3722746649670261,0
0.36643886774800616,0
0.36646363968433654,0
0.3709416780310017,0
0.37433923528424856,0
0.36921341925569406,0
0.3314767279183941,0
0.36407988790299456,0
0.3793974025197607,0
0.3490073604143053,0
0.3723553637828593,0
0.3783498354464961,0
0.3510176817292139,0
0.34348741342526895,0
0.34742650310319295,0
0.3739022015034864,0
0.3280735811274263,0
0.32024070355659723,0
0.34490386193000844,0
0.32397933680113633,0
0.36946915254566803,0
0.3605344925505688,0
0.35073997423759445,0
0.3469712966408299,0
0.3540885821790536,0
0.36966221880473343,0
0.36240387160688137,0
0.36851577620124154,0
0.37534403698655167,0
0.3764633309652694,0
0.36643886774800616,0
0.3663451250238968,0
0.3841610380701828,0
0.3506673841295497,0
0.3782444246595129,0
0.38548230327753535,0
0.4003457219520753,0
0.37374005302070457,0
0.358309312975925,0
0.35313720046596786,0
0.3710503760135555,0
0.39813283571556485,0
0.4063046999370947,0
0.3896820913248425,0
0.3853697893123,0
0.3969453625988003,0
0.3653183407566724,0
0.3851419695597121,0
0.40130418217112923,0
0.36946915254566803,0
0.39566379154415504,0
0.4012187071157368,0
0.3954343180429645,0
0.4003457219520753,0
0.388324400226108,0
0.339476343146536,0
0.388591473586077,0
0.40130418217112923,0
0.3573412147572294,0
0.3606282352746782,0
0.3797453939544336,0
0.39810713231415545,0
0.3605551275463989,0
0.39549306282367586,0
0.38650575816859734,0
0.3725487373991822,0
0.36083982054661706,0
0.3911423720221425,0
0.3736283146590406,0
0.39786388957631325,0
0.4070322675968087,0
0.3825074664321402,0
0.4139527150659565,0
0.39813283571556485,0
0.3655041944682031,0
0.35043646623502467,0
0.4024630206899218,0
0.3896820913248425,0
0.4177838475102006,0
0.35743794234474735,0
0.3838090002234788,0
0.35669223640240305,0
0.3909735942918379,0
0.3750860684002179,0
0.376811800924324,0
0.37374005302070457,0
0.39087032604009153,0
0.3663451250238968,0
0.3597260807546544,0
0.40146760590538133,0
0.3866726071977025,0
0.3711032637170514,0
0.38678111042751534,0
0.36240387160688137,0
0.4119327388238023,0
0.38082683695360237,0
0.3896820913248425,0
0.3966338091955356,0
0.40146760590538133,0
0.376811800924324,0
0.3780858675907128,0
0.3663698906230479,0
0.3621348210082315,0
0.37945939436031345,0
0.3899646556412276,0
0.30595187608464663,0
0.36824038944003107,0
0.3899646556412276,0
0.35073997423759445,0
0.38848394965662897,0
0.36940506910968096,0
0.385203581957942,0
0.35402155591435636,0
0.37796949530730617,0
0.36372512038161503,0
0.36062843031781977,0
0.34849578470271514,0
0.37391120982547754,0
0.32746400719832647,0
0.38129702377558217,0
0.3853697893123,0
0.371211789595907,0
0.40005880171822356,0
0.34348741342526895,0
0.3796332589257106,0
0.3932720968702901,0
0.37092985502414316,0
0.3753198048268707,0
0.40842012198591016,0
0.3968798637121621,0
0.3736413366816818,0
0.3825074664321402,0
0.38985023106308314,0
0.37388651210030605,0
0.4062765848832648,0
0.39452517328386916,0
0.4051992585431113,0
0.38241558345434346,0
0.38413506983828977,0
0.3838711198260091,0
0.39551994673524155,0
0.4039685104328482,0
0.3492007698832587,0
0.3681749372630046,0
0.3430587030001019,0
0.33925286762782175,0
0.3492007698832587,0
0.3853697893123,0
0.4003457219520753,0
0.39103905919096316,0
0.3841610380701828,0
0.37391033398363627,0
0.3392752775672476,0
0.34135562767398414,0
0.367995645829474,0
0.358020186973187,0
0.3451875012376967,0
0.3589915505545395,0
0.35901639340087593,0
0.3896030937044089,0
0.38233900736999865,0
0.40017297298105764,0
0.34932124881600635,0
0.37092985502414316,0
0.3609091714891359,0
0.37058051863739805,0
0.34135562767398414,0
0.3609091714891359,0
0.3534064542189304,0
0.3782334453195869,0
0.3648007343443626,0
0.3550987340589495,0
0.33915381522208604,0
0.3681506184322859,0
0.376811800924324,0
0.3505778485449253,0
0.376811800924324,0
0.3598907332001859,0
0.3694930069636511,0
0.38101575415825456,0
0.38985023106308314,0
0.3825074664321402,0
0.39452517328386916,0
0.37825901459089006,0
0.3666289892460985,0
0.385203581957942,0
0.38082683695360237,0
0.35073997423759445,0
0.36074228308827433,0
0.38412748529837665,0
0.3796481191485793,0
0.36379038935272867,0
0.3897084345455131,0
0.3571541551999705,0
0.33381864487925067,0
0.372430864178441,0
0.36379038935272867,0
0.36643886774800616,0
0.3841610380701828,0
0.3782334453195869,0
0.38110182255847247,0
0.3911423720221425,0
0.36557339472021344,0
0.386978239888345,0
0.3896820913248425,0
0.3652491887844297,0
0.33925286762782175,0
0.37534403698655167,0
0.4119327388238023,0
0.40493693694511784,0
0.3725216788948065,0
0.3837830557883781,0
0.3853697893123,0
0.3317639036641008,0
0.3898605662817307,0
0.3543515874688075,0
0.38733914348385706,0
0.3883866292971126,0
0.3592852403315057,0
0.40394990252977125,0
0.39549306282367586,0
0.3335314512309634,0
0.36558134604642634,0
0.3857025664261099,0
0.3840470058006588,0
0.3315993471473117,0
0.3915379083026526,0
0.34348741342526895,0
0.35813492060060165,0
0.3909735942918379,0
0.37989421134796864,0
0.3985118780831845,0
0.39113273727538045,0
0.36395690209804343,0
0.3808002178010163,0
0.37110212512535595,0
0.40362027697108394,0
0.3778478568967945,0
0.3761099262986581,0
0.37773134865903457,0
0.394741336681361,0
0.37103778889005634,0
0.4102403817997871,0
0.3619315716718339,0
0.39566144400735986,0
0.4164883900740712,0
0.4048062514305612,0
0.4145730183135883,0
0.38036162328170114,0
0.40985234479802185,0
0.3901626309820272,0
0.36891862880058895,0
0.3961562666652295,0
0.3588202547002811,0
0.35179893995201383,0
0.3739175133312872,0
0.3738687840712385,0
0.39234453391606233,0
0.40030840419244385,0
0.29015162159400176,0
0.3478110131740578,0
0.3976506245730917,0
0.39347985410188674,0
0.3736692694979269,0
0.37925724157818763,0
0.3615342872044296,0
0.33003622393816384,0
0.39573309800764683,0
0.411492602067424,0
0.3738687840712385,0
0.3753103059017185,0
0.3497879059657693,0
0.34791384768862815,0
0.3737879417954934,0
0.3836268549825358,0
0.4058556368183212,0
0.35895018694202097,0
0.3558699806709426,0
0.3551642500517908,0
0.35419394530310416,0
0.3808227124235838,0
0.3442342555933107,0
0.39679427918472393,0
0.36820696579256973,0
0.35590135769524855,0
0.4048587086218432,0
0.3710330167030674,0
0.3903991056383338,0
0.3722809243129766,0
0.28807989092032066,0
0.34875446897775514,0
0.3847491083269298,0
0.31729388193337243,0
0.336952876104956,0
0.3740075032239049,0
0.3354986947608288,0
0.3751353699210628,0
0.33711187785742225,0
0.3597033757916656,0
0.3793429883622773,0
0.3858560240911101,0
0.35356906239759867,0
0.34630736574252746,0
0.38911002578611,0
0.4113857989724778,0
0.399096413664904,0
0.3587755379509958,0
0.4045482739966775,0
0.3501547529856249,0
0.38793672799909745,0
0.409248706940207,0
0.4210357208518334,0
0.3891732707813326,0
0.36293837647496857,0
0.4093006283094075,0
0.38241111694788693,0
0.39267323671177196,0
0.39843073104950505,0
0.32124298312897626,0
0.389261411625705,0
0.393554350935239,0
0.37791781360864096,0
0.39900947134699094,0
0.372365074887759,0
0.36269869482865147,0
0.3892854393663301,0
0.3582168102473986,0
0.36699660889376623,0
0.38662536161087,0
0.36271623313760426,0
0.3135463639948992,0
0.3970092360704775,0
0.31800874657721867,0
0.34816806693994173,0
0.3427980324281758,0
0.3837085316264227,0
0.3921088901874287,0
0.40842012198591016,0
0.39472848343311007,0
0.38782355062485013,0
0.4294920748067746,0
0.3219152727717473,0
0.2973685833072525,0
0.19718977163744156,0
0.4025558660683103,0
0.36375689995313915,0
0.20804064119030455,0
0.4446813811486557,0
0.32065445715624186,0
0.39389418370295204,0
0.3588253419262359,0
0.35965815301342113,0
0.3766534029305185,0
0.44551529485335856,0
0.33589649951165546,0
0.4297617973950297,0
0.42432895904951534,0
0.3331654917651225,0
0.39662558543466964,0
0.47411504664886733,0
0.5213003620882893,0
0.5571775652344544,0
0.4849391388511787,0
0.4728012705713226,0
0.5602674812143685,0
0.514026966486969,0
0.412111037572352,0
0.3957599201430959,0
0.5001823154116399,0
0.48056668950613335,0
0.4757123351423517,0
0.48168991940667083,0
0.431207160706926,0
0.4936335079667302,0
0.43703120831585784,0
0.45670888773131807,0
0.5594788043594352,0
0.5287414785149388,0
0.5222130304850927,0
0.4789040029276761,0
0.4852981706197676,0
0.4057778455996592,0
0.3998651514151259,0
0.3123312982644477,0
0.46745785217066677,0
0.43021385273554885,0
0.39988357948294384,0
0.3984720658180192,0
0.38182333661437695,0
0.38544916345801694,0
0.33225953783155704,0
0.3582057596795175,0
0.4337109464286757,0
0.4046176451059385,0
0.41440617209367847,0
0.35383753966340403,0
0.26748088415616544,0
0.37820564769423004,0
0.44289358369932674,0
0.3938696083530464,0
0.44137058328729184,0
0.4109451563172073,0
0.39888328997734457,0
0.36539100871354757,0
0.39502905270843586,0
0.389781047543828,0
0.4540930842449118,0
0.32918019044806657,0
0.46224135002013045,0
0.4095842362311967,0
0.36619609319007623,0
0.4192194278762168,0
0.45272247319726044,0
0.4355760974918971,0
0.42783909925652747,0
0.41081680467307446,0
0.34058756693825926,0
0.36427437307441846,0
0.42887207700214575,0
0.4236859569179418,0
0.40014787432704135,0
0.47987624657194383,0
0.44343267123256985,0
0.46478237348094886,0
0.5139658425729782,0
0.37011696521762344,0
0.4358484306050048,0
0.5137237616092685,0
0.4333016185021638,0
0.4459726601109389,0
0.4164439672185816,0
0.4286643524180338,0
0.48668385352471255,0
0.5257541439541519,0
0.5317536415269337,0
0.5789720029365839,0
0.5758351784706588,0
0.5663521139548542,0
0.5124161031603875,0
0.5749562077667039,0
0.5609315910928192,0
0.5002341189837236,0
0.5612405959322277,0
0.5000371678127254,0
0.5616312304125523,0
0.5437448691642836,0
0.560029575640209,0
0.3432849790327527,0
0.404910710147268,0
0.34766820034262846,0
0.31912680600760657,0
0.24656975828820957,0
0.2063845793527089,0
0.25414164018110474,0
0.2847839735212115,0
0.3241614353834579,0
0.3455919099819336,0
0.362463710191258,0
0.3473275572580483,0
0.4039332348474288,0
0.4793700060107459,0
0.4736805318510711,0
0.4103218185080562,0
0.42789422521539044,0
0.42789422521539044,0
0.4335954540169872,0
0.3947098120682148,0
0.3738946940429366,0
0.46500208504842755,0
0.44210329769456036,0
0.4352194605761237,0
0.3962734734350825,0
0.38415693089189484,0
0.35832445127315854,0
0.42857142857142855,0
0.450111579908316,0
0.4032164665920251,0
0.4414215005824598,0
0.40012751037317,0
0.45725443705117313,0
0.3458637294780632,0
0.4659124961048256,0
0.5001637134887247,0
0.4905118971398201,0
0.35864167801722263,0
0.4222440258439577,0
0.3956270436414808,0
0.35298320361464686,0
0.4539436618006492,0
0.47734622258776493,0
0.37267999222549664,0
0.39259535189413985,0
0.49137968789303843,0
0.5655832073816313,0
0.5045459233969009,0
0.541266357652976,0
0.46031543339993336,0
0.5052492583026633,0
0.5168611830463424,0
0.5513830133323554,0
0.527148084451615,0
0.48397919160220504,0
0.5447685908481447,0
0.4767465438904559,0
0.5324434541128785,0
0.45091267021844406,0
0.5212637030201878,0
0.5158000622891363,0
0.4512026688167514,0
0.4248838737248091,0
0.37861418810166975,0
0.37299466576563345,0
0.47507876309222186,0
0.453442256574404,0
0.5280657642008427,0
0.5727433654025715,0
0.5275728814617965,0
0.5762318761128382,0
0.48263042243657167,0
0.4152915037519836,0
0.41287664650439243,0
0.4787568279898437,0
0.3669999116013782,0
0.31733275090428104,0
0.407295995510628,0
0.3924338492599137,0
0.4187195920121816,0
0.3300133746434636,0
0.36050921283569526,0
0.3106718711618508,0
0.3800869218459487,0
0.6306481185106303,0
0.7016760006792461,0
0.5946204067344019,0
0.5036827200799191,0
0.4993161233520828,0
0.5341705519961684,0
0.4718757778748431,0
0.6294225706759766,0
0.6822982360321921,0
0.5623858893010191,0
0.5527789637068741,0
0.5175429675871113,0
0.4264891591066607,0
0.4461229083098243,0
0.4792049929402427,0
0.4049704320791241,0
0.35069036372503026,0
0.3229319077253304,0
0.297882415548748,0
0.29605774287860975,0
0.39401846365999743,0
0.36575257637549374,0
0.3046972751609628,0
0.2652659194307736,0
0.27213450837209885,0
0.24348281126922555,0
0.29000566401839195,0
0.4933755356977089,0
0.4267873339812299,0
0.5295138691966045,0
0.5126923927153219,0
0.44886417415124946,0
0.5923975165672424,0
0.3751788394800447,0
0.5384374297810031,0
0.5067651503250531,0
0.49353147654964447,0
0.3290445379260519,0
0.4411082360689427,0
0.4651373156702441,0
0.49291186760364164,0
0.556373116575849,0
0.5072642272251457,0
0.5670613085291651,0
0.4024066907687177,0
0.5513014987320485,0
0.29878415469247877,0
0.321987652322466,0
0.3804275594339255,0
0.5349631219058185,0
0.41531039435278644,0
0.38057095572831967,0
0.4039584453929958,0
0.4205166367070688,0
0.4327716783213265,0
0.4118959665606162,0
0.48007168328977234,0
0.5463733651549183,0
0.5001530065828644,0
0.4493450212592663,0
0.42424242424242425,0
0.46280690178016154,0
0.31075966806727373,0
0.35397141134319604,0
0.44788553760900945,0
0.5224221619293319,0
0.4560009179304533,0
0.39447600798929283,0
0.47141744424353177,0
0.3403895617645549,0
0.4001868545025011,0
0.5072908802601588,0
0.47968812409304495,0
0.4421288963347426,0
0.4214086432042964,0
0.5660213194437201,0
0.5186924586479053,0
0.4824697013209607,0
0.33513659700805404,0
0.4555420665580823,0
0.4957513778919095,0
0.4542880604349147,0
0.4987231266212091,0
0.38804047120884005,0
0.41381921653808157,0
0.3468756982993141,0
0.4713080068231002,0
0.44910522448153284,0
0.49214099662728517,0
0.42157892264517866,0
0.5065384531100358,0
0.3148052630849925,0
0.5284721384340342,0
0.36747509154277136,0
0.37300041479606255,0
0.3572781335018021,0
0.22332487141262677,0
0.3969340624010321,0
0.43952451709919554,0
0.415477850641983,0
0.38296868754995006,0
0.46260084348776553,0
0.47979810970809605,0
0.48661284021408685,0
0.6349751376983853,0
0.5987054761645488,0
0.5921783535507078,0
0.5209081861704171,0
0.5418447000869766,0
0.4240735608107349,0
0.3088730272228759,0
0.557089099311833,0
0.5841555036924742,0
0.5862121564756032,0
0.5713952261717893,0
0.5126579083080659,0
0.6353976175076791,0
0.6406924470068042,0
0.6727180594733952,0
0.7444229251962456,0
0.6152339846563201,0
0.5418345398637852,0
0.5536348546999429,0
0.4921021160477642,0
0.512914308383782,0
0.441469517704375,0
0.4528753269472275,0
0.30731950517601037,0
0.2759792617087894,0
0.20054572763047035,0
0.3609199395000851,0
0.388942392733894,0
0.37231982949469133,0
0.2839392782524634,0
0.31455628326517227,0
0.3459236071573543,0
0.29022131708489074,0
0.3976160267086273,0
0.45639035865108435,0
0.47284264761684186,0
0.4544324765459055,0
0.4911786606561179,0
0.5038886753273164,0
0.557749460280873,0
0.47703696824689823,0
0.4707352941068823,0
0.4880470803534478,0
0.5151788337685542,0
0.45682723800799885,0
0.5299617487098471,0
0.47571450290613226,0
0.38188585053377094,0
0.3849657715443576,0
0.3485201394624777,0
0.25852322386296245,0
0.5416063445062648,0
0.3844643333960161,0
0.5061325043148459,0
0.5365163847585088,0
0.7211198636754834,0
0.42759146524229047,0
0.39707878086093207,0
0.39639804117546534,0
0.5207480384679409,0
0.33798268587286057,0
0.31817237113562774,0
0.3782254109129245,0
0.36232575975053294,0
0.40115561532342825,0
0.34734203612194403,0
0.38789670293985606,0
0.443518327246197,0
0.3932483043673463,0
0.3567626652383344,0
0.4677046317323562,0
0.39573548061379266,0
0.44926427217258597,0
0.42158290782383206,0
0.48232931861031136,0
0.4699879199506838,0
0.5103035114984446,0
0.44178716422473185,0
0.3439587325180574,0
0.2850170138762907,0
0.4578226483560838,0
0.31882768107977544,0
0.23714329023363753,0
0.24317234840591545,0
0.3259259282028415,0
0.3567091017092664,0
0.4357334197833175,0
0.31613468705553976,0
0.5554739632942984,0
0.5259872009944659,0
0.2819302010351121,0
0.5071923805644635,0
0.44905544607283104,0
0.5804425525196688,0
0.33014145083375435,0
0.3883238085118354,0
0.43291058814211064,0
0.46998467510380115,0
0.4759642147952299,0
0.18101947614826258,0
0.42763579935703533,0
0.4330887424059133,0
0.5392581048487748,0
0.45807333791049987,0
0.4204306729124862,0
0.340421721602017,0
0.5107969456317425,0
0.5106379757205367,0
0.3618505733994664,0
0.4097723788458211,0
0.4400022563875223,0
0.4846398101535452,0
0.4402891905193805,0
0.5217081561121107,0
0.5957565047676205,0
0.5655698041814105,0
0.33647171235218754,0
0.35704166919433433,0
0.31558400120750657,0
0.25691098634351095,0
0.3015418048844108,0
0.36050221139805694,0
0.27599792866835154,0
0.36108538665715,0
0.3606121800862678,0
0.3169614557967108,0
0.33291107645896567,0
0.2739336409235652,0
0.33564988160819104,0
0.3064045691515789,0
0.2739692636325814,0
0.3205501018453318,0
0.3081247973527913,0
0.28229626594395857,0
0.27736868624768596,0
0.2670141992376873,0
0.27248415314415725,0
0.26934048234737984,0
0.26452200070776505,0
0.26295518858560163,0
0.2564118534763678,0
0.25826760736914506,0
0.30553907177494316,0
0.29839390789289727,0
0.26295518858560163,0
0.2613155799514994,0
0.270571193030385,0
0.3027080060456289,0
0.3054041950925146,0
0.27615095378562393,0
0.2796463983165977,0
0.28045467475597,0
0.3054041950925146,0
0.20898204710845764,0
0.416836811749308,0
0.5537633576963402,0
0.5494015724629607,0
0.5824166408590747,0
0.4667603288167993,0
0.43023796041628637,0
0.5099299894099403,0
0.415549407243328,0
0.4597691520848494,0
0.3969250524710878,0
0.27012266061449863,0
0.30638210321309184,0
0.37780724736793475,0
0.39031935579755045,0
0.38484605169495884,0
0.3473665547108262,0
0.2832324077805612,0
0.436603339249169,0
0.3615191272971804,0
0.3485063710346923,0
0.40399765683243644,0
0.30720116813379467,0
0.30575919787004585,0
0.3586007748497278,0
0.4051359823605076,0
0.42947134319352975,0
0.37831045764272947,0
0.3612221756360029,0
0.3274738134065894,0
0.3658749816919991,0
0.32370133300893816,0
0.35911556534632,0
0.46507373846289174,0
0.47857778943970564,0
0.47151220090007406,0
0.2377615715193228,0
0.20627257723633782,0
0.3653560787830872,0
0.19292002683273057,0
0.27158450237445003,0
0.37824503556648703,0
0.6195023424467093,0
0.7237821433912288,0
0.7484513036102419,0
0.7328552957119527,0
0.8038553915645893,0
0.7565893807411291,0
0.709368661015983,0
0.6865365291682014,0
0.5645822157775564,0
0.5334075165948134,0
0.4304383185779686,0
0.34467031557637356,0
0.1755265339477285,0
0.3758749757671426,0
0.3480563072963907,0
0.420789746616724,0
0.4247593071207891,0
0.4174071482834013,0
0.46089174097413393,0
0.35494512104568615,0
0.40248779727666667,0
0.4282551688264323,0
0.3808653413975599,0
0.4648500626506926,0
0.39403251831231584,0
0.48026106919092604,0
0.4545393548304843,0
0.3040076643196383,0
0.3085605445483516,0
0.3936631995848464,0
0.42479699703244467,0
0.35310048913552633,0
0.4596898021499237,0
0.2934312229661169,0
0.5363959910975786,0
0.24879053121370134,0
0.29013212674634076,0
0.44652175566190755,0
0.32399955186627655,0
0.3402039495635074,0
0.3519443212883052,0
0.4052637302659141,0
0.34738005776880326,0
0.3611905935547804,0
0.343541178809711,0
0.3702307529463533,0
0.35717610606606015,0
0.35187173420049145,0
0.36618730621560197,0
0.37369120995791577,0
0.3947382202892515,0
0.3878821756036998,0
0.38384852959085564,0
0.3198795127363715,0
0.47161876410496933,0
0.4799471596897105,0
0.33632723615602117,0
0.38515890743512776,0
0.4659513592442382,0
0.2666463301995195,0
0.3937636583386385,0
0.3876148285605133,0
0.427709269846812,0
0.41147905086973835,0
0.4726647735631678,0
0.45190526228243216,0
0.3783614250767898,0
0.47049963765216485,0
0.2424493391471049,0
0.38269927643449114,0
0.3143197005988373,0
0.47230190659203863,0
0.6281294843787073,0
0.7333247943493085,0
0.7659277432865869,0
0.6751245524804328,0
0.6621779865118591,0
0.637607051420655,0
0.48141387965245475,0
0.48726890965753594,0
0.3640927170720209,0
0.3719852799236396,0
0.3230381080331253,0
0.3057537629397679,0
0.31180028987686614,0
0.3384797440673635,0
0.3539930119771877,0
0.4004296608934542,0
0.39580462879373224,0
0.3487198469027206,0
0.3786196142195108,0
0.42518378379237376,0
0.4167325556513701,0
0.3601234144814173,0
0.5003695644548645,0
0.4750451111596527,0
0.41804366755405825,0
0.635529366106814,0
0.6935920955812492,0
0.7200410480407093,0
0.6689487687282474,0
0.6579300138840718,0
0.4935099410963387,0
0.3200163076709408,0
0.22622867373922192,0
0.27036199414295387,0
0.3981732163982584,0
0.23010583334806406,0
0.27254347821556746,0
0.4097984074271841,0
0.41708394398740384,0
0.3182656511440213,0
0.3290445379260519,0
0.411260699664508,0
0.4115291424407746,0
0.23128148274419857,0
0.19561253758129138,0
0.30903008042007946,0
0.39333841408435544,0
0.31269519058203743,0
0.61983000896756,0
0.5573259772323188,0
0.46977617561176277,0
0.5564691875271284,0
0.5257807232044094,0
0.41911906054013237,0
0.6042428716017251,0
0.5915997600201321,0
0.5490222606383056,0
0.5987038877599498,0
0.4166216725988334,0
0.4012858796173551,0
0.22220079185212346,0
0.25460628931808726,0
0.25756901739651766,0
0.40889524581064896,0
0.3403884385562981,0
0.40285861991868666,0
0.43066753360098364,0
0.4224849633073754,0
0.43829869400965127,0
0.3210248231280058,0
0.4128968055322295,0
0.4510750185424266,0
0.4190246704006381,0
0.44461852371409477,0
0.4104573028853086,0
0.3881834173611858,0
0.3445986493838847,0
0.33588000009716706,0
0.2837578757375543,0
0.378187634542535,0
0.364856714782744,0
0.410723043636133,0
0.506659979302108,0
0.4868171246294491,0
0.5066216356336785,0
0.5063964727181143,0
0.5189218678487504,0
0.43508145867311904,0
0.4437719801912975,0
0.3513529397208634,0
0.5507342877448003,0
0.6086746024866699,0
0.5715120690428513,0
0.3612446087674679,0
0.41227111377393,0
0.44279162586831966,0
0.23922316520829925,0
0.4305439004214556,0
0.423838797764923,0
0.30013934682437243,0
0.3578561743883037,0
0.4335384615040173,0
0.4178831361754097,0
0.38562476259570166,0
0.24603678062164366,0
0.2318912111807213,0
0.42668877869556554,0
0.3044882855045018,0
0.3742110213407612,0
0.37480334771180135,0
0.38934673862779207,0
0.3519680890197501,0
0.28582681592799,0
0.33321487798725696,0
0.3973410512624643,0
0.37152797421994194,0
0.3987723523075522,0
0.3644230261608241,0
0.3266843969817452,0
0.3956807081750343,0
0.454294706767259,0
0.441712137190787,0
0.4177655826629777,0
0.26436567187387827,0
0.4590654963587237,0
0.3681841123070319,0
0.4248385633132294,0
0.28013374060718427,0
0.21724864445948336,0
0.34232857366207115,0
0.30291748508477206,0
0.3683891643679946,0
0.2950110824771966,0
0.4294920748067746,0
0.3219152727717473,0
0.2973685833072525,0
0.19718977163744156,0
0.4025558660683103,0
0.36375689995313915,0
0.20804064119030455,0
0.4446813811486557,0
0.32065445715624186,0
0.39389418370295204,0
0.3588253419262359,0
0.35965815301342113,0
0.3766534029305185,0
0.44551529485335856,0
0.33589649951165546,0
0.4297617973950297,0
0.42432895904951534,0
0.3331654917651225,0
0.39662558543466964,0
0.47411504664886733,0
0.5213003620882893,0
0.5571775652344544,0
0.4849391388511787,0
0.4728012705713226,0
0.5602674812143685,0
0.514026966486969,0
0.412111037572352,0
0.3957599201430959,0
0.5001823154116399,0
0.48056668950613335,0
0.4757123351423517,0
0.48168991940667083,0
0.431207160706926,0
0.4936335079667302,0
0.43703120831585784,0
0.45670888773131807,0
0.5594788043594352,0
0.5287414785149388,0
0.5222130304850927,0
0.4789040029276761,0
0.4852981706197676,0
0.4057778455996592,0
0.3998651514151259,0
0.3123312982644477,0
0.46745785217066677,0
0.43021385273554885,0
0.39988357948294384,0
0.3984720658180192,0
0.38182333661437695,0
0.38544916345801694,0
0.33225953783155704,0
0.3582057596795175,0
0.4337109464286757,0
0.4046176451059385,0
0.41440617209367847,0
0.35383753966340403,0
0.26748088415616544,0
0.37820564769423004,0
0.44289358369932674,0
0.3938696083530464,0
0.44137058328729184,0
0.4109451563172073,0
0.39888328997734457,0
0.36539100871354757,0
0.39502905270843586,0
0.389781047543828,0
0.4540930842449118,0
0.32918019044806657,0
0.46224135002013045,0
0.4095842362311967,0
0.36619609319007623,0
0.4192194278762168,0
0.45272247319726044,0
0.4355760974918971,0
0.42783909925652747,0
0.41081680467307446,0
0.34058756693825926,0
0.36427437307441846,0
0.42887207700214575,0
0.4236859569179418,0
0.40014787432704135,0
0.47987624657194383,0
0.44343267123256985,0
0.46478237348094886,0
0.5139658425729782,0
0.37011696521762344,0
0.4358484306050048,0
0.5137237616092685,0
0.4333016185021638,0
0.4459726601109389,0
0.4164439672185816,0
0.4286643524180338,0
0.48668385352471255,0
0.5257541439541519,0
0.5317536415269337,0
0.5789720029365839,0
0.5758351784706588,0
0.5663521139548542,0
0.5124161031603875,0
0.5749562077667039,0
0.5609315910928192,0
0.5002341189837236,0
0.5612405959322277,0
0.5000371678127254,0
0.5616312304125523,0
0.5437448691642836,0
0.560029575640209,0
0.3432849790327527,0
0.404910710147268,0
0.34766820034262846,0
0.31912680600760657,0
0.24656975828820957,0
0.2063845793527089,0
0.25414164018110474,0
0.2847839735212115,0
0.3241614353834579,0
0.3455919099819336,0
0.362463710191258,0
0.3473275572580483,0
0.4039332348474288,0
0.4793700060107459,0
0.4736805318510711,0
0.4103218185080562,0
0.42789422521539044,0
0.42789422521539044,0
0.4335954540169872,0
0.3947098120682148,0
0.3738946940429366,0
0.46500208504842755,0
0.44210329769456036,0
0.4352194605761237,0
0.3962734734350825,0
0.38415693089189484,0
0.35832445127315854,0
0.42857142857142855,0
0.450111579908316,0
0.4032164665920251,0
0.4414215005824598,0
0.40012751037317,0
0.45725443705117313,0
0.3458637294780632,0
0.4659124961048256,0
0.5001637134887247,0
0.4905118971398201,0
0.35864167801722263,0
0.4222440258439577,0
0.3956270436414808,0
0.35298320361464686,0
0.4539436618006492,0
0.47734622258776493,0
0.37267999222549664,0
0.39259535189413985,0
0.49137968789303843,0
0.5655832073816313,0
0.5045459233969009,0
0.541266357652976,0
0.46031543339993336,0
0.5052492583026633,0
0.5168611830463424,0
0.5513830133323554,0
0.527148084451615,0
0.48397919160220504,0
0.5447685908481447,0
0.4767465438904559,0
0.5324434541128785,0
0.45091267021844406,0
0.5212637030201878,0
0.5158000622891363,0
0.4512026688167514,0
0.4248838737248091,0
0.37861418810166975,0
0.37299466576563345,0
0.47507876309222186,0
0.453442256574404,0
0.5280657642008427,0
0.5727433654025715,0
0.5275728814617965,0
0.5762318761128382,0
0.48263042243657167,0
0.4152915037519836,0
0.41287664650439243,0
0.4787568279898437,0
0.3669999116013782,0
0.31733275090428104,0
0.407295995510628,0
0.3924338492599137,0
0.4187195920121816,0
0.3300133746434636,0
0.36050921283569526,0
0.3106718711618508,0
0.3800869218459487,0
0.6306481185106303,0
0.7016760006792461,0
0.5946204067344019,0
0.5036827200799191,0
0.4993161233520828,0
0.5341705519961684,0
0.4718757778748431,0
0.6294225706759766,0
0.6822982360321921,0
0.5623858893010191,0
0.5527789637068741,0
0.5175429675871113,0
0.4264891591066607,0
0.4461229083098243,0
0.4792049929402427,0
0.4049704320791241,0
0.35069036372503026,0
0.3229319077253304,0
0.297882415548748,0
0.29605774287860975,0
0.39401846365999743,0
0.36575257637549374,0
0.3046972751609628,0
0.2652659194307736,0
0.27213450837209885,0
0.24348281126922555,0
0.29000566401839195,0
0.4933755356977089,0
0.4267873339812299,0
0.5295138691966045,0
0.5126923927153219,0
0.44886417415124946,0
0.5923975165672424,0
0.3751788394800447,0
0.5384374297810031,0
0.5067651503250531,0
0.49353147654964447,0
0.3290445379260519,0
0.4411082360689427,0
0.4651373156702441,0
0.49291186760364164,0
0.556373116575849,0
0.5072642272251457,0
0.5670613085291651,0
0.4024066907687177,0
0.5513014987320485,0
0.29878415469247877,0
0.321987652322466,0
0.3804275594339255,0
0.5349631219058185,0
0.41531039435278644,0
0.38057095572831967,0
0.4039584453929958,0
0.4205166367070688,0
0.4327716783213265,0
0.4118959665606162,0
0.48007168328977234,0
0.5463733651549183,0
0.5001530065828644,0
0.4493450212592663,0
0.42424242424242425,0
0.46280690178016154,0
0.31075966806727373,0
0.35397141134319604,0
0.44788553760900945,0
0.5224221619293319,0
0.4560009179304533,0
0.39447600798929283,0
0.47141744424353177,0
0.3403895617645549,0
0.4001868545025011,0
0.5072908802601588,0
0.47968812409304495,0
0.4421288963347426,0
0.4214086432042964,0
0.5660213194437201,0
0.5186924586479053,0
0.4824697013209607,0
0.33513659700805404,0
0.4555420665580823,0
0.4957513778919095,0
0.4542880604349147,0
0.4987231266212091,0
0.38804047120884005,0
0.41381921653808157,0
0.3468756982993141,0
0.4713080068231002,0
0.44910522448153284,0
0.49214099662728517,0
0.42157892264517866,0
0.5065384531100358,0
0.3148052630849925,0
0.5284721384340342,0
0.36747509154277136,0
0.37300041479606255,0
0.3572781335018021,0
0.22332487141262677,0
0.3969340624010321,0
0.43952451709919554,0
0.415477850641983,0
0.38296868754995006,0
0.46260084348776553,0
0.47979810970809605,0
0.48661284021408685,0
0.6349751376983853,0
0.5987054761645488,0
0.5921783535507078,0
0.5209081861704171,0
0.5418447000869766,0
0.4240735608107349,0
0.3088730272228759,0
0.557089099311833,0
0.5841555036924742,0
0.5862121564756032,0
0.5713952261717893,0
0.5126579083080659,0
0.6353976175076791,0
0.6406924470068042,0
0.6727180594733952,0
0.7444229251962456,0
0.6152339846563201,0
0.5418345398637852,0
0.5536348546999429,0
0.4921021160477642,0
0.512914308383782,0
0.441469517704375,0
0.4528753269472275,0
0.30731950517601037,0
0.2759792617087894,0
0.20054572763047035,0
0.3609199395000851,0
0.388942392733894,0
0.37231982949469133,0
0.2839392782524634,0
0.31455628326517227,0
0.3459236071573543,0
0.29022131708489074,0
0.3976160267086273,0
0.45639035865108435,0
0.47284264761684186,0
0.4544324765459055,0
0.4911786606561179,0
0.5038886753273164,0
0.557749460280873,0
0.47703696824689823,0
0.4707352941068823,0
0.4880470803534478,0
0.5151788337685542,0
0.45682723800799885,0
0.5299617487098471,0
0.47571450290613226,0
0.38188585053377094,0
0.3849657715443576,0
0.3485201394624777,0
0.25852322386296245,0
0.5416063445062648,0
0.3844643333960161,0
0.5061325043148459,0
0.5365163847585088,0
0.7211198636754834,0
0.42759146524229047,0
0.39707878086093207,0
0.39639804117546534,0
0.5207480384679409,0
0.33798268587286057,0
0.31817237113562774,0
0.3782254109129245,0
0.36232575975053294,0
0.40115561532342825,0
0.34734203612194403,0
0.38789670293985606,0
0.443518327246197,0
0.3932483043673463,0
0.3567626652383344,0
0.4677046317323562,0
0.39573548061379266,0
0.44926427217258597,0
0.42158290782383206,0
0.48232931861031136,0
0.4699879199506838,0
0.5103035114984446,0
0.44178716422473185,0
0.3439587325180574,0
0.2850170138762907,0
0.4578226483560838,0
0.31882768107977544,0
0.23714329023363753,0
0.24317234840591545,0
0.3259259282028415,0
0.3567091017092664,0
0.4357334197833175,0
0.31613468705553976,0
0.5554739632942984,0
0.5259872009944659,0
0.2819302010351121,0
0.5071923805644635,0
0.44905544607283104,0
0.5804425525196688,0
0.33014145083375435,0
0.3883238085118354,0
0.43291058814211064,0
0.46998467510380115,0
0.4759642147952299,0
0.18101947614826258,0
0.42763579935703533,0
0.4330887424059133,0
0.5392581048487748,0
0.45807333791049987,0
0.4204306729124862,0
0.340421721602017,0
0.5107969456317425,0
0.5106379757205367,0
0.3618505733994664,0
0.4097723788458211,0
0.4400022563875223,0
0.4846398101535452,0
0.4402891905193805,0
0.5217081561121107,0
0.5957565047676205,0
0.5655698041814105,0
0.33647171235218754,0
0.35704166919433433,0
0.31558400120750657,0
0.25691098634351095,0
0.3015418048844108,0
0.36050221139805694,0
0.27599792866835154,0
0.36108538665715,0
0.3606121800862678,0
0.3169614557967108,0
0.33291107645896567,0
0.2739336409235652,0
0.33564988160819104,0
0.3064045691515789,0
0.2739692636325814,0
0.3205501018453318,0
0.3081247973527913,0
0.28229626594395857,0
0.27736868624768596,0
0.2670141992376873,0
0.27248415314415725,0
0.26934048234737984,0
0.26452200070776505,0
0.26295518858560163,0
0.2564118534763678,0
0.25826760736914506,0
0.30553907177494316,0
0.29839390789289727,0
0.26295518858560163,0
0.2613155799514994,0
0.270571193030385,0
0.3027080060456289,0
0.3054041950925146,0
0.27615095378562393,0
0.2796463983165977,0
0.28045467475597,0
0.3054041950925146,0
0.20898204710845764,0
0.416836811749308,0
0.5537633576963402,0
0.5494015724629607,0
0.5824166408590747,0
0.4667603288167993,0
0.43023796041628637,0
0.5099299894099403,0
0.415549407243328,0
0.4597691520848494,0
0.3969250524710878,0
0.27012266061449863,0
0.30638210321309184,0
0.37780724736793475,0
0.39031935579755045,0
0.38484605169495884,0
0.3473665547108262,0
0.2832324077805612,0
0.436603339249169,0
0.3615191272971804,0
0.3485063710346923,0
0.40399765683243644,0
0.30720116813379467,0
0.30575919787004585,0
0.3586007748497278,0
0.4051359823605076,0
0.42947134319352975,0
0.37831045764272947,0
0.3612221756360029,0
0.3274738134065894,0
0.3658749816919991,0
0.32370133300893816,0
0.35911556534632,0
0.46507373846289174,0
0.47857778943970564,0
0.47151220090007406,0
0.2377615715193228,0
0.20627257723633782,0
0.3653560787830872,0
0.19292002683273057,0
0.27158450237445003,0
0.37824503556648703,0
0.6195023424467093,0
0.7237821433912288,0
0.7484513036102419,0
0.7328552957119527,0
0.8038553915645893,0
0.7565893807411291,0
0.709368661015983,0
0.6865365291682014,0
0.5645822157775564,0
0.5334075165948134,0
0.4300364739805324,0
0.5000409684158428,0
0.40256633654253243,0
0.33798458048013935,0
0.45515767628560916,0
0.5445358467915835,0
0.5284809432745837,0
0.4274516876618715,0
0.39865917987141103,0
0.5004206596315964,0
0.44475845630080174,0
0.5109760326574452,0
0.5058371941978198,0
0.49387414035593213,0
0.4341598781137061,0
0.5317388350258025,0
0.3817348411942859,0
0.4798777880764036,0
0.42342300074291095,0
0.41467751899408384,0
0.3804429898188794,0
0.3554161830495831,0
0.47197629644962,0
0.4544849167186529,0
0.570750676298154,0
0.39497696982868674,0
0.43754182453779505,0
0.4747664709543385,0
0.46897019209321733,0
0.40642862651962786,0
0.4997509039460019,0
0.4271450875192846,0
0.3972292763853137,0
0.2958458255160068,0
0.410403104105109,0
0.4913781513466428,0
0.5288870254089956,0
0.36852835547475493,0
0.40155253076841685,0
0.43857015324882526,0
0.4115867224264983,0
0.3354759020851485,0
0.5051901720355452,0
0.5540688313925151,0
0.46547746574140897,0
0.5120855241550074,0
0.3860075456772442,0
0.37273707135273915,0
0.3515876681340377,0
0.31997155934758637,0
0.3782402588708094,0
0.2091907003007038,0
0.3023729740927246,0
0.43047760729457885,0
0.3278602880024435,0
0.2999944239472872,0
0.37182837912987493,0
0.4342725932412458,0
0.3767760618645512,0
0.33872198298571216,0
0.38514989460314397,0
0.41352330161379197,0
0.3133640521954722,0
0.3468069783975952,0
0.4059434468114562,0
0.550028044295778,0
0.3624248584596049,0
0.3246292123811702,0
0.3355767632103768,0
0.32280959085994904,0
0.25856805712711933,0
0.32194583087745093,0
0.2498440423597306,0
0.45793352540050497,0
0.30922911888742716,0
0.2948802751946826,0
0.4419103872044824,0
0.37938990799805006,0
0.3888628619836439,0
0.35882348745186937,0
0.16606776779557442,0
0.28800994458142376,0
0.2739521523933076,0
0.3777684305838821,0
0.37334702963958327,0
0.3502403491539664,0
0.40662887600408554,0
0.47992196614198673,0
0.37884266826779833,0
0.4813142198142552,0
0.2632912470952433,0
0.3730303199261916,0
0.2869880704973976,0
0.46177407259139946,0
0.4252344645608203,0
0.5813389932618812,0
0.45264404389288176,0
0.5122677016780488,0
0.3717127652435195,0
0.42149515849168073,0
0.30234633275467626,0
0.5144820206727833,0
0.5341946335558414,0
0.5060438782490332,0
0.49455418673642215,0
0.4646341406127712,0
0.5164756851716901,0
0.5353418677664686,0
0.5617628664035622,0
0.5497031162058794,0
0.5174359234811143,0
0.5119800369534583,0
0.5727069932152717,0
0.4812277927386509,0
0.4573193540999116,0
0.3383890300978738,0
0.15176502975458236,0
0.34676884135926456,0
0.338255896082696,0
0.5243371953524462,0
0.5951582316367777,0
0.5528444258061892,0
0.3818429149289588,0
0.4816425714513311,0
0.43384319899572954,0
0.4690565644769188,0
0.4979624339822008,0
0.377853017207313,0
0.29322095454416985,0
0.29128477469191666,0
0.24282290352123106,0
0.2868341177671992,0
0.2651790580669147,0
0.28133687484601577,0
0.2686649164963477,0
0.2624006918078961,0
0.23471234578743136,0
0.41259467524023974,0
0.4104229535755678,0
0.29491415095413415,0
0.26323113501315304,0
0.3462440597961264,0
0.2666200185320657,0
0.23756845064552806,0
0.20680128066887588,0
0.2471600125629192,0
0.26951369821413834,0
0.21022401426181084,0
0.46624180975714863,0
0.48069494865770773,0
0.49355029963372354,0
0.4359916839960891,0
0.44170043953488,0
0.48134553911949934,0
0.4670057987910127,0
0.3734191516765814,0
0.42896461369891614,0
0.40142187393777395,0
0.3553849485013987,0
0.3205545943838973,0
0.17932552763872778,0
0.1635019142664116,0
0.16545521042668035,0
0.19743371822487596,0
0.46062028157909995,0
0.34437184195914355,0
0.355354188562924,0
0.4250509761102983,0
0.3356549823270042,0
0.3659223258539549,0
0.3271475746254206,0
0.34637193281099254,0
0.4935919195941326,0
0.4370458273910127,0
0.44886417415124946,0
0.3462440597961264,0
0.34651413913665,0
0.4285252645394413,0
0.29916398957829027,0
0.33338761103540043,0
0.34068002801040015,0
0.3400895500222394,0
0.36138901939577717,0
0.353127351682609,0
0.3201260294928809,0
0.3164808242255275,0
0.34651413913665,0
0.5062460091392009,0
0.5001560031066706,0
0.4545998646402444,0
0.3462916498075654,0
0.3075551396651115,0
0.4266700795995075,0
0.4023298400678757,0
0.4194193994765094,0
0.40838947802208525,0
0.3898450413406002,0
0.399964449184483,0
0.3462725139244397,0
0.46283759142061137,0
0.3378835026792509,0
0.3975119730591286,0
0.3923263947276553,0
0.40114945887906206,0
0.4329698272652896,0
0.425150570201432,0
0.42317402588742536,0
0.4128461883365512,0
0.4085970862195594,0
0.4002651809425661,0
0.4424571359557815,0
0.3589708058829444,0
0.3268225924314686,0
0.42154146030033746,0
0.4168296504826776,0
0.4189324736132751,0
0.38309665741780374,0
0.3885471678334347,0
0.3951280447470163,0
0.4382544352597128,0
0.390310131002916,0
0.468391178213355,0
0.4416050398140908,0
0.4815411009514258,0
0.39919943650178435,0
0.4878623046573924,0
0.441653913658376,0
0.3847973780909929,0
0.3948674364497519,0
0.45681034146320904,0
0.4679992722217717,0
0.5120813402388802,0
0.46903991637489106,0
0.4875577238225486,0
0.4073767514399227,0
0.22462486565007922,0
0.2539134323233594,0
0.4619762397706953,0
0.4250586854834583,0
0.4751273273461167,0
0.46178510458110655,0
0.46182051112687933,0
0.3949769904398042,0
0.4546640044919911,0
0.46241802328981463,0
0.4940473439248394,0
0.4562528481012201,0
0.42805479690310966,0
0.45209125599957883,0
0.47588686034753547,0
0.4472444193936436,0
0.493918749701676,0
0.45728835470437,0
0.46363416719298156,0
0.4618563574524341,0
0.47548007074025184,0
0.3923104096247829,0
0.4638891941219507,0
0.4603587400074753,0
0.414690119682955,0
0.4278494842454907,0
0.4750620482936065,0
0.44448040812435996,0
0.46263274631147094,0
0.4756699490880841,0
0.4458321672871302,0
0.45578408994138103,0
0.4569363495602043,0
0.46915522596174936,0
0.48165102942995625,0
0.4942071267622048,0
0.4250586854834583,0
0.4268764966599982,0
0.5003123049312599,0
0.45604754907999934,0
0.48006953319957535,0
0.5001171554669103,0
0.5126943276401875,0
0.45463820000015065,0
0.4942447252878374,0
0.4500867888171138,0
0.46848792470838013,0
0.4878623046573924,0
0.4049082454839315,0
0.4703554594188826,0
0.47591797575938566,0
0.512600394595325,0
0.48792101256057957,0
0.500035419544549,0
0.46237666300404995,0
0.4940317076524699,0
0.47598083377266454,0
0.5185443207751708,0
0.46840241860501863,0
0.4756525486651108,0
0.5122296134441081,0
0.513140825570523,0
0.381772693464981,0
0.3380470889216821,0
0.38425359495189726,0
0.4559250671263296,0
0.49384027574292966,0
0.4250685582439594,0
0.48779903702163857,0
0.45122231315578615,0
0.44448236265667984,0
0.423493881438228,0
0.49457631301755955,0
0.34312756414171375,0
0.3921848238724553,0
0.33353098133930204,0
0.26470929411804106,0
0.3423204142929906,0
0.2825197375942228,0
0.3375399777430016,0
0.3462463147754005,0
0.2693611720202604,0
0.22233481636935223,0
0.26256668598744204,0
0.27884176865190186,0
0.30892320599031087,0
0.4026681532629252,0
0.4749873567717613,0
0.405425995662612,0
0.40526102768562333,0
0.33566810515868495,0
0.3461587394794679,0
0.27041439400505485,0
0.24359608828297402,0
0.28962312858911343,0
0.3674951395988231,0
0.29383369126108333,0
0.31606347761748194,0
0.2668095139494006,0
0.28076717170289345,0
0.29884239523664075,0
0.29938073850690095,0
0.3312986493921663,0
0.2900705396998324,0
0.26014343979632587,0
0.28600929279928883,0
0.3833370019266304,0
0.28600929279928883,0
0.37223643402241835,0
0.28234250699416974,0
0.3158991309954395,0
0.2771878110920854,0
0.23893252305902354,0
0.21563347389102477,0
0.2318840579710145,0
0.33392684404446543,0
0.42013161790185427,0
0.3294842444705001,0
0.3919816769142358,0
0.45208792572149853,0
0.5669765766670785,0
0.25093778871243216,0
0.27025474875729066,0
0.2733048794885513,0
0.35771020000964665,0
0.23240319732632472,0
0.26357257637677156,0
0.275292802805592,0
0.29188459330871197,0
0.24372179987117776,0
0.26313399736168047,0
0.33657122686163543,0
0.2719478362210301,0
0.2654558086678002,0
0.3996876298441612,0
0.22489272417716563,0
0.22330662380855348,0
0.2357142857142857,0
0.4211624021257134,0
0.5588266583011365,0
0.5972249291375343,0
0.5917875759875528,0
0.4758074601441243,0
0.5419154098779259,0
0.5061161044834498,0
0.5532262532913249,0
0.5778934461451772,0
0.5969509938442557,0
0.2340040672652902,0
0.2888401109909483,0
0.30919422647251144,0
0.27441530749535087,0
0.29102580086907837,0
0.34914671269980807,0
0.32325996955098957,0
0.36593548422250655,0
0.3467640023197064,0
0.534082754549614,0
0.5280163427966247,0
0.3125302294631486,0
0.6195762876575871,0
0.5716053084485472,0
0.5393843569473664,0
0.5421268238913154,0
0.5699102431870174,0
0.5859846661037071,0
0.3736322677006398,0
0.3230071337644549,0
0.29512611679605577,0
0.32507716097899153,0
0.3649899471095446,0
0.3538038121030749,0
0.3382761709492307,0
0.46823570596756564,0
0.4379905247491507,0
0.5600606186909144,0
0.4477342090675339,0
0.46063943537719987,0
0.485280966041914,0
0.4563357819801164,0
0.4670015019474011,0
0.4357334666765856,0
0.49312238053162716,0
0.4231759467005031,0
0.5170872946814542,0
0.33620446749545,0
0.3804709602024051,0
0.3491437261701806,0
0.3024775537366258,0
0.2781125930895516,0
0.34878349979552603,0
0.2895796963974395,0
0.3107024070921427,0
0.3806098121632468,0
0.2750554676253164,0
0.31820431622799467,0
0.3978981194624507,0
0.648963432806916,0
0.4569082872209596,0
0.38398703577827303,0
0.37673530037073905,0
0.315791098463305,0
0.43651570802064127,0
0.35656911272929254,0
0.4117515334350756,0
0.32501024277806934,0
0.41233153825979607,0
0.3969458222524931,0
0.3468041413258857,0
0.4152662932175029,0
0.5682581214602502,0
0.5083699395126065,0
0.4350049976898915,0
0.4054003425231753,0
0.40355694214595855,0
0.38354047647868267,0
0.43219449242517316,0
0.4988308555361966,0
0.34807213856351843,0
0.24324132474234006,0
0.41387105153643794,0
0.43403422700136685,0
0.5247908652948795,0
0.42090844819154327,0
0.6169512333399305,0
0.5480797219140046,0
0.43015355034645436,0
0.44097937171151136,0
0.4684443180250256,0
0.5002341189837236,0
0.42758631933492597,0
0.5601181628229064,0
0.46207618594540867,0
0.43693023278362,0
0.3989031444371241,0
0.39094675837744713,0
0.42972090197576907,0
0.5064274850012468,0
0.2798195488731564,0
0.23200816499686544,0
0.27229566800978,0
0.34043533354743916,0
0.31405565184455864,0
0.29862323062220214,0
0.2493932381677761,0
0.3607889222405805,0
0.2889041183352319,0
0.49372544199272744,0
0.4200541931308104,0
0.49162136813736956,0
0.4498993122933201,0
0.4859692532890354,0
0.4245533427167175,0
0.4082393849406765,0
0.4888506120459869,0
0.42863651871552916,0
0.41581223697370906,0
0.39016093921408407,0
0.43780932524371335,0
0.24821094922334783,0
0.2666225677755501,0
0.29313121832379063,0
0.26484980340576403,0
0.28123429102461667,0
0.3570957225315175,0
0.33258399216262824,0
0.277003036886517,0
0.28790380122546694,0
0.37334323523101576,0
0.33968274076778904,0
0.29072595271244767,0
0.25357399714250306,0
0.3070329299774179,0
0.28693467979489234,0
0.29701717876147193,0
0.3101594807032625,0
0.28330889668390846,0
0.30991228788118586,0
0.28104733105588225,0
0.26031901349279896,0
0.2613888301072521,0
0.27549238919740815,0
0.3280444182945636,0
0.39690974477260405,0
0.42588276211834664,0
0.28092777184010265,0
0.34759882501257683,0
0.39279475016175375,0
0.4369111247191955,0
0.5195828899518892,0
0.4410636962877449,0
0.4325796491833799,0
0.37492055782896583,0
0.364981751368636,0
0.2563891865013166,0
0.3603284185685829,0
0.36613048869084497,0
0.35893501191756777,0
0.4440269429376809,0
0.3178664393412497,0
0.365887636733686,0
0.4053737765287195,0
0.24335850995159614,0
0.2682845568662654,0
0.35537835791991573,0
0.2870221754510486,0
0.40519601833984675,0
0.46101818674125683,0
0.45380384593481865,0
0.48589767722467425,0
0.4259165015816013,0
0.35162603282583016,0
0.2998590443588639,0
0.3886550303783179,0
0.3865024499051712,0
0.4378040122567619,0
0.4415843094962982,0
0.5369183290082506,0
0.47703682593622104,0
0.35538578476699184,0
0.32887524200894247,0
0.4083622891012263,0
0.49945402515289133,0
0.3831027229064723,0
0.2855012646132314,0
0.2680907544151322,0
0.4692846840676861,0
0.25219017647145736,0
0.26444670490525335,0
0.16230106078235068,0
0.45458957727633786,0
0.5067252649931517,0
0.404059530615666,0
0.27343245803116706,0
0.2663326766509274,0
0.46490693953510026,0
0.28796416542194686,0
0.26638249195800817,0
0.27193621931638917,0
0.39278115560242055,0
0.46743085717933075,0
0.5795037053108728,0
0.5915721325212321,0
0.5730601870411175,0
0.5436267677082331,0
0.5485948023336713,0
0.5061917094065503,0
0.3836121351191546,0
0.5858998333523544,0
0.5410453302651351,0
0.5143547087277632,0
0.41012121590097045,0
0.5428744209973837,0
0.573089020226153,0
0.40144126423533755,0
0.2582610722916118,0
0.2966242769136982,0
0.2946278254943948,0
0.323301070245368,0
0.28331333295394945,0
0.33071326411980995,0
0.2843805184944535,0
0.37796943071700995,0
0.2426364796454661,0
0.32635301115350634,0
0.37648123212841195,0
0.26924118054604146,0
0.19135341568692443,0
0.18475197380957945,0
0.44272937961308345,0
0.5291817351734369,0
0.3306801811422426,0
0.2684578676851929,0
0.4000738402103862,0
0.43923225595413473,0
0.3719550858062344,0
0.44412210568002225,0
0.4460446330953846,0
0.34289002214535125,0
0.38737483776345105,0
0.46946863729408417,0
0.5158934636552516,0
0.2274293506787275,0
0.5264168175876147,0
0.6285123788601362,0
0.58041973917445,0
0.6368663589127206,0
0.45251263233782313,0
0.439191201866357,0
0.39405901685159445,0
0.4474652509814513,0
0.3667689503475655,0
0.4280179442950675,0
0.5494272922213886,0
0.5489117833307606,0
0.5329662052754784,0
0.5390551555212586,0
0.5666881443507454,0
0.523942328805521,0
0.5187320992836177,0
0.46934999647857284,0
0.5491682076574605,0
0.5133885688873634,0
0.49803470627782886,0
0.5638131086199136,0
0.5851691345589899,0
0.5469079391733161,0
0.5949887922457848,0
0.5004560241410712,0
0.5193614784610369,0
0.40243274929931927,0
0.23330285201918655,0
0.2809539239917303,0
0.12127121956802678,0
0.2709248186363485,0
0.4426885523281759,0
0.315249696245091,0
0.32899916244532956,0
0.523902456199359,0
0.3897469901430271,0
0.42786998876456683,0
0.4346335899550229,0
0.4334512067949482,0
0.41199509983246746,0
0.48508673973131045,0
0.466827991075975,0
0.5509791316627872,0
0.44656615823397844,0
0.3669771363095393,0
0.4953229133167594,0
0.5868219632535006,0
0.522551954501771,0
0.5530677344108591,0
0.49701372900197477,0
0.4744906066680906,0
0.3060395137680947,0
0.28339871725243304,0
0.30127408305486475,0
0.3885329515062143,0
0.36619959309489125,0
0.35029584783936535,0
0.39758309352069715,0
0.397124641353187,0
0.38289991164608767,0
0.44855949837029463,0
0.39835130005785524,0
0.31167504707649746,0
0.3759091740882629,0
0.3981327861773266,0
0.3661384843500371,0
0.35777611365209167,0
0.36355547778313696,0
0.4246534247975766,0
0.4237654731610514,0
0.4949165082931836,0
0.5400687703192041,0
0.3682449551883525,0
0.4394597461990611,0
0.47674494459081573,0
0.4546798166060695,0
0.5194014274351856,0
0.5801606134364788,0
0.539934878824963,0
0.428466654604681,0
0.3439045019133384,0
0.49265240284776707,0
0.33207714368471397,0
0.3929970652933207,0
0.11056454441466705,0
0.7223519440097602,0
0.7610020138019564,0
0.43393865929600206,0
0.3933907964416007,0
0.38785719023993964,0
0.3675453277709843,0
0.46145962483612146,0
0.35455533613204127,0
0.21394854312967979,0
0.3107657344575191,0
0.25669384046441174,0
0.38726228860903117,0
0.30805699793596864,0
0.436846269218989,0
0.30450227307410005,0
0.34728613004490455,0
0.4174982723353656,0
0.33105029945992825,0
0.4420978957575702,0
0.3963881866732108,0
0.3362657654214742,0
0.2856806725429901,0
0.3952839805914277,0
0.36727610149185114,0
0.36727610149185114,0
0.40646168132901506,0
0.5369390183039355,0
0.21739902792679092,0
0.3701182875070047,0
0.4283896842813318,0
0.44242575217857133,0
0.3749937379426038,0
0.49085012718140236,0
0.3190464120515528,0
0.4172121844188345,0
0.29571572025390813,0
0.1719460305011352,0
0.4024886343132349,0
0.42809004686160235,0
0.42466144911526776,0
0.3485311064635137,0
0.29438118199198865,0
0.41736007692913674,0
0.38647794508033245,0
0.38019769648939095,0
0.46135087848675504,0
0.36325895265565294,0
0.4064908876920817,0
0.45378011860119527,0
0.4528684545574177,0
0.34268550783026036,0
0.2385170337470598,0
0.29099293161915935,0
0.6619373227370371,0
0.4252353613742033,0
0.3610831776068974,0
0.28574062190290095,0
0.25404875046936715,0
0.3919045416210341,0
0.37407801852491424,0
0.46072525596321134,0
0.5063996266114036,0
0.48423057571935785,0
0.29863242538763296,0
0.5520117356891722,0
0.5186310555954863,0
0.42140664923508303,0
0.48636193297354846,0
0.48780293251900814,0
0.5142224439065993,0
0.4867894478733253,0
0.5346060465614799,0
0.4688688325237325,0
0.3685810331059174,0
0.41580121326724423,0
0.4558019987705823,0
0.39997699725911745,0
0.49285518770074055,0
0.3427342308100846,0
0.40493515300359534,0
0.4586811307797049,0
0.47134798799563626,0
0.4188048018195774,0
0.2760511321338164,0
0.4385328578109293,0
0.32472054572389736,0
0.5261472259222317,0
0.48636118273802403,0
0.4881091427244104,0
0.45481607832053844,0
0.5806043380922332,0
0.39904699954671424,0
0.4091233869254576,0
0.3200304105811312,0
0.2946661258396895,0
0.37149378210946205,0
0.32658081642330716,0
0.44573778326586194,0
0.5814610168311003,0
0.6016073854137163,0
0.4812259807301638,0
0.2798943163603553,0
0.26499275730848704,0
0.4584769624104084,0
0.45103557179837,0
0.39398105547778245,0
0.3748701146708358,0
0.370238918127268,0
0.3963685942718564,0
0.3988300572646276,0
0.4525825613958426,0
0.5534625379709738,0
0.654299826517118,0
0.593554132876509,0
0.5102847983436384,0
0.6165373497674934,0
0.5816031753696921,0
0.23545523228728527,0
0.3667960644269566,0
0.41282758336142283,0
0.4153836440177872,0
0.6171783007581527,0
0.5429031262298816,0
0.5161076924886424,0
0.5725977704236912,0
0.6367259343542224,0
0.5561299971768242,0
0.5459960031146294,0
0.48421542857132926,0
0.36643702899050346,0
0.3627640611525601,0
0.396071955638949,0
0.40742845974859865,0
0.3849211468218602,0
0.2807141204946163,0
0.2034985590415695,0
0.3935737165471796,0
0.348962500453509,0
0.3450806427893883,0
0.43194167176094156,0
0.38690350624426345,0
0.3856328876405254,0
0.40533933152945445,0
0.34558206644099726,0
0.33524686393726405,0
0.5253457876978247,0
0.41528738571496926,0
0.6216051098677488,0
0.6702041081165437,0
0.5565287992221312,0
0.5481805836863864,0
0.6314003025195877,0
0.6050417109354371,0
0.38634871558421413,0
0.3417531432189257,0
0.5153501024334695,0
0.3554368889561935,0
0.5992145206912904,0
0.5941596554103598,0
0.5965532020289929,0
0.6231698789275963,0
0.6296215024782527,0
0.37425180807788366,0
0.3429516355619163,0
0.5287091784877912,0
0.5096580516427646,0
0.5609117981375737,0
0.4787054911651243,0
0.47311263430447503,0
0.39139063800861323,0
0.3785117962112736,0
0.3676082283700484,0
0.4043333960764533,0
0.3519951101499756,0
0.4889734375448572,0
0.5058369430644669,0
0.38528905179047446,0
0.4037287650903253,0
0.2999116035824481,0
0.3863474017484714,0
0.33131173747682485,0
0.34220211314474736,0
0.35799741016841236,0
0.4641062718624124,0
0.40002761858302005,0
0.4578021901807685,0
0.4229516079192549,0
0.4346335899550229,0
0.2625336975760136,0
0.334952138135971,0
0.3765501459963264,0
0.5105099982925151,0
0.5390603553655676,0
0.5228733929686837,0
0.5016374519693411,0
0.5001283023734782,0
0.4502130689438399,0
0.334109137043358,0
0.37770043125096064,0
0.27357825248912154,0
0.3513032932653335,0
0.39883623315532685,0
0.30668196406210113,0
0.32809758405978484,0
0.24168949821611613,0
0.3690196817296405,0
0.24791894104427895,0
0.34223173462181167,0
0.37373702775562245,0
0.3522655613958426,0
0.36945626075004073,0
0.3715176552594856,0
0.3738029281305397,0
0.4208070478153912,0
0.41081025885446476,0
0.38204305126346266,0
0.40076410529379985,0
0.3012609120723065,0
0.33075041803076305,0
0.4192616155277418,0
0.35924451393493906,0
0.5180245809050243,0
0.5465217674075413,0
0.49312772701766777,0
0.4014943442446473,0
0.32446579172102236,0
0.3585811654965201,0
0.3514918209571588,0
0.44494361664212756,0
0.3361743890538109,0
0.32905238765655653,0
0.3403884385562981,0
0.35510839625368645,0
0.211999576001272,0
0.29568182492759293,0
0.23991613957068456,0
0.4593910492419882,0
0.42578122423759623,0
0.4314090747518025,0
0.4040164521822082,0
0.27695231440514856,0
0.3334813433461036,0
0.401286482590273,0
0.5131384204034093,0
0.4495036763438457,0
0.4103532572345374,0
0.44073361981387865,0
0.4503985575207068,0
0.3181817148196167,0
0.43057213165296365,0
0.40904395999921944,0
0.28544968049262875,0
0.2971381447383253,0
0.27480968669833156,0
0.4041901030701979,0
0.319622946711848,0
0.4343722427630694,0
0.41888067370781823,0
0.3802001239975649,0
0.4511059541370808,0
0.3473659001973165,0
0.4597964443493443,0
0.4341598781137061,0
0.5062712222539276,0
0.4149549057806009,0
0.4390136574403787,0
0.4510476359077367,0
0.47166407073229066,0
0.4583894438125968,0
0.70775401864639,0
0.709914512597667,0
0.5539539228894614,0
0.44317046745209404,0
0.45519753697568405,0
0.45577182387783094,0
0.3240139851463217,0
0.37640207676875886,0
0.33359084013902207,0
0.36040535377600363,0
0.37078245546486627,0
0.26950922083837536,0
0.6445933668730435,1
0.7437814263401867,1
0.705973900285807,1
0.6944449718185869,1
0.7073611404192006,1
0.7247321472228156,1
0.7138306673184464,1
0.751186599133107,1
0.727730859220349,1
0.7379861435704342,1
0.7370125894634978,1
0.7993877422122546,1
0.745984853251485,1
0.778988143529525,1
0.7906734766594417,1
0.7899011690201346,1
0.7928880683723342,1
0.7792708396374475,1
0.7819875676639632,1
0.8064904325329257,1
0.8251060130646873,1
0.787902500289093,1
0.793533489048914,1
0.8214346592497332,1
0.8429608599812136,1
0.8296170431404041,1
0.603452316982213,1
0.6789406651744686,1
0.6513367315735101,1
0.7401576857306255,1
0.8064904325329257,1
0.8006496126254466,1
0.7624276439188379,1
0.7659433817562642,1
0.7526566597275774,1
0.7294536737563311,1
0.698275284883712,1
0.6704388287267204,1
0.7143248165403601,1
0.6667508582706985,1
0.6579839460111407,1
0.67502902254087,1
0.6731846526172867,1
0.6769347424427465,1
0.6668194767474521,1
0.6758554452919322,1
0.698275284883712,1
0.7046558599802036,1
0.7048334818208991,1
0.704784431624473,1
0.6854993110986388,1
0.668494292835527,1
0.6690746032295478,1
0.6417774511003805,1
0.6665397732905872,1
0.6482866980601583,1
0.6403913957258842,1
0.680968170387208,1
0.6747270585149598,1
0.6282981725530241,1
0.6483478569795327,1
0.6383461515894007,1
0.6517937135720628,1
0.6348389046205786,1
0.66294725278395,1
0.6536587418252179,1
0.6168592024588389,1
0.6129736831761435,1
0.6181779973531238,1
0.5819359549157371,1
0.6379572400543465,1
0.6002454603076928,1
0.6026578893112383,1
0.5878069590690578,1
0.6112732357549174,1
0.6041316767384779,1
0.5458589991096211,1
0.6231151420011103,1
0.617662695742518,1
0.5275437149764461,1
0.5666515207066266,1
0.5872815273370594,1
0.5823655993856198,1
0.538261668893734,1
0.6216844730717062,1
0.5877961892422647,1
0.602073616849418,1
0.6114828926064041,1
0.5875352368954821,1
0.5638209827620007,1
0.5853715442381947,1
0.5373209493964932,1
0.5642090999188994,1
0.5590877627639116,1
0.5637434081347101,1
0.5521736373342861,1
0.5724064154498173,1
0.5765723770382399,1
0.5420475736050167,1
0.5314294958127885,1
0.5549774520963482,1
0.5543791891265716,1
0.5610173025866834,1
0.5370138078219392,1
0.5261053110377286,1
0.526384176898987,1
0.5159671613802875,1
0.5320899077229102,1
0.5432366938719778,1
0.5055500297357853,1
0.5215096952976644,1
0.5385017468041601,1
0.5157077606282733,1
0.5217447687298036,1
0.5220807844094293,1
0.5216881926239196,1
0.5226399761474748,1
0.5224141603638827,1
0.5288256224594425,1
0.5115556517405903,1
0.517663941581875,1
0.48286354125321823,1
0.5001038002344855,1
0.48824190278634405,1
0.4884186870966432,1
0.5115556517405903,1
0.49406617743774367,1
0.5056404789990933,1
0.5644157204201916,1
0.6011000985873648,1
0.6855104068210793,1
0.5926708172266303,1
0.680499440512666,1
0.6153609849252492,1
0.6415947569135759,1
0.6011379786747878,1
0.5878199808043717,1
0.5770357279024382,1
0.6622702699639943,1
0.6602696678372757,1
0.6278631619425555,1
0.6461966782848815,1
0.6083190348679062,1
0.608869057485098,1
0.6429504194120222,1
0.6069892070693118,1
0.5564754215834468,1
0.571037338366457,1
0.556153003634196,1
0.5625199632201393,1
0.556153003634196,1
0.5969922628805945,1
0.5735861238436409,1
0.5745964210969201,1
0.5505394185211423,1
0.5453775700789278,1
0.5918795377998024,1
0.5812742527965351,1
0.5878787334337687,1
0.583204363523179,1
0.5900494095572749,1
0.545701033689738,1
0.5514408233806248,1
0.5748431361893414,1
0.6061815506482034,1
0.6690186298966218,1
0.7113312660242804,1
0.6982581337143938,1
0.6650101714499268,1
0.6363808173940205,1
0.6065132173300448,1
0.6199354805138998,1
0.6296796917607941,1
0.6356086520971281,1
0.649603498602921,1
0.6157303159747436,1
0.584291951771193,1
0.6380409512750217,1
0.6244698000879588,1
0.5581027662119885,1
0.5108083756173797,1
0.8342247275686332,1
0.8441268091445112,1
0.9513273272500755,1
0.8503929209270666,1
0.9156439683624241,1
0.89580061415284,1
0.8273687736276555,1
0.7773428036532983,1
0.8246570629565583,1
0.7923872777511469,1
0.7615346454225917,1
0.7230900314576223,1
0.8049227564365619,1
0.7776922254009312,1
0.7229352382332657,1
0.8061706464731053,1
0.788470372239876,1
0.7345588396414081,1
0.7962917093767155,1
0.6765641112668518,1
0.8102424158770268,1
0.8123135670742705,1
0.8045728474163231,1
0.7864811079781546,1
0.7529573426700774,1
0.7472565967647888,1
0.8099323622392145,1
0.92360390264705,1
0.826370055948587,1
0.8807369935084381,1
0.8602678906005969,1
0.8763334259628213,1
0.909112201239883,1
0.18586071379349364,1
0.7197021051450355,1
0.6503972892711442,1
0.8637860238669927,1
0.8871263803271413,1
0.8245875441315063,1
0.5473397172011032,1
0.790184723383073,1
0.5146606411917023,1
0.5502340115834212,1
0.5977202680130286,1
0.7909739598031833,1
0.8608966557032567,1
0.5956980536899132,1
0.808540729557345,1
0.5910062000474418,1
0.9006494053954274,1
0.8501200480174121,1
0.9072769828481132,1
0.7437956582140651,1
0.7592663072719421,1
0.8453687444210333,1
0.8471821471884137,1
0.8617595820962325,1
0.6266921511516361,1
0.7563433760292273,1
0.535694725125152,1
0.5854493397109862,1
0.6159146280499996,1
0.5182111478107538,1
0.5535955172906869,1
0.5639759180161252,1
0.42496680076548465,1
0.4253263277542434,1
0.42705041253457104,1
0.40006637845477006,1
0.42810496319701874,1
0.3675053121878351,1
0.4115867998683962,1
0.47568791711135555,1
0.4104566818867211,1
0.7213278642097803,1
0.4511677203491988,1
0.7530592323133265,1
0.7844488245885343,1
0.6914347387484983,1
0.7374580441721879,1
0.6664068716607389,1
0.7962494018698852,1
0.7494816859996911,1
0.7662794861187686,1
0.7777257239672878,1
0.7946821025249285,1
0.792473858761994,1
0.5500990523068111,1
0.8002221605280969,1
0.7564024160211877,1
0.737707134758159,1
0.7565015924203098,1
0.7037598759420525,1
0.7406955671612593,1
0.7406178849347,1
0.7278228235353237,1
0.7194956056597727,1
0.7473631625861485,1
0.7724761463639902,1
0.7078496420696135,1
0.6582616107253523,1
0.7653090244163934,1
0.7490065506977744,1
0.7758586208614909,1
0.8151914581203576,1
0.7530964003809169,1
0.7657512077168935,1
0.7654217341441772,1
0.7274069984072553,1
0.7239134308353244,1
0.7588415068796003,1
0.7597147911670199,1
0.7368552777507448,1
0.7898875692729306,1
0.7561002415921106,1
0.7597147911670199,1
0.7334954808988489,1
0.7272186158313375,1
0.8111007525589342,1
0.7691959317961927,1
0.7932551638492363,1
0.7600990179483733,1
0.7499926557685055,1
0.7904808626848355,1
0.7773785908153735,1
0.7664957628938246,1
0.7762610747376684,1
0.756495963827229,1
0.7700710502622969,1
0.776212748678247,1
0.7470047758626029,1
0.7471379478754576,1
0.75981904012657,1
0.7696389208926613,1
0.7496629549147975,1
0.7726277940485283,1
0.8012156411776282,1
0.7699717377388732,1
0.7634797507249308,1
0.7820872497728716,1
0.8171178356906909,1
0.8283495111913808,1
0.8517748872922171,1
0.8345889833179309,1
0.8339432289443112,1
0.8281812839557959,1
0.7927886424137612,1
0.8998790605249015,1
0.7999923303025298,1
0.7000026372361452,1
0.7638783420005337,1
0.8247471703726563,1
0.7669852818838165,1
0.818851637970359,1
0.8012590141835828,1
0.7856990461315798,1
0.7712461051112451,1
0.7610742979380757,1
0.8305431645752474,1
0.8171238334337777,1
0.840956635939809,1
0.7900355248856334,1
0.7945175720566948,1
0.757479682482134,1
0.7810664582499152,1
0.6906756747277266,1
0.8184177644054742,1
0.7432174664854343,1
0.7576402974295848,1
0.8024874907411513,1
0.7500359806904662,1
0.7500320999637932,1
0.7824142688772407,1
0.808869748643297,1
0.7880920663000078,1
0.8181958572730352,1
0.8214912232496921,1
0.8027454985618481,1
0.8450452908349565,1
0.8210753541018979,1
0.8378141921306211,1
0.7818685910962666,1
0.7324571352496904,1
0.8122465551510267,1
0.7802234240114955,1
0.7462041184607281,1
0.8681957776656348,1
0.7942815475103815,1
0.7290177391857273,1
0.8190279752776455,1
0.7013893189642422,1
0.724623084760211,1
0.7116182182550326,1
0.7574138208736131,1
0.785958674092197,1
0.7844994438550745,1
0.7497478654227744,1
0.7571682925876629,1
0.6869747806266819,1
0.8259942264955924,1
0.8118373104054184,1
0.7361056244899881,1
0.7885453481601769,1
0.7463156945665772,1
0.753822629949194,1
0.7816754851537375,1
0.8263680360231851,1
0.776976226122024,1
0.7432458337755352,1
0.7675947028779913,1
0.6860161743099118,1
0.7353616503168742,1
0.7571706962639009,1
0.6920196595114322,1
0.7742770264599032,1
0.753654933714127,1
0.7052729115381071,1
0.7423981025223012,1
0.7025304941542073,1
0.7777876990878672,1
0.710983820232412,1
0.83814652621435,1
0.885259011238984,1
0.770412799068959,1
0.713478821784087,1
0.8570272505952128,1
0.7981579585740138,1
0.8015642936789453,1
0.7464766850304797,1
0.8049170073253683,1
0.7354828248525138,1
0.7465770140318961,1
0.8186250185180046,1
0.7389621490391012,1
0.739228887470206,1
0.7606183417462878,1
0.7940465134041744,1
0.739104079732621,1
0.8053646267116314,1
0.8100865343083072,1
0.7640631349181921,1
0.7806491824319591,1
0.7537772171563638,1
0.7957403213992763,1
0.739485533334252,1
0.8099209243306824,1
0.7500320999637932,1
0.7461344774500692,1
0.7641074086792841,1
0.7636508559076877,1
0.7279732097319734,1
0.7083614952370837,1
0.7150700314363263,1
0.8709189893087933,1
0.759619563995714,1
0.7111249756695144,1
0.7635320291805293,1
0.7780126774560939,1
0.7747759177169051,1
0.7987734650919944,1
0.7846938514662002,1
0.771003430244493,1
0.8168808467108257,1
0.7821380760989383,1
0.796832656947372,1
0.7260561062703188,1
0.7212756759618708,1
0.7773512231876559,1
0.7179453102296576,1
0.7000057655107244,1
0.779066242593591,1
0.7946392067558954,1
0.8039164516215921,1
0.7596625162669461,1
0.7641040201397868,1
0.7427123553644301,1
0.7461331121999554,1
0.7748115630553372,1
0.7417158401219902,1
0.8332331832074225,1
0.7534460878823551,1
0.797030120864673,1
0.7757008609879433,1
0.7947613919587018,1
0.7783848468787653,1
0.9420415336676918,1
0.8565945786834464,1
0.8308949779596966,1
0.819073440433682,1
0.7490475078714818,1
0.7955837069388333,1
0.8073978778891971,1
0.7826606856390727,1
0.8086075400626399,1
0.79266237332147,1
0.8162421166158955,1
0.7966122806677441,1
0.8013913319636445,1
0.8059565426531675,1
0.810375675612293,1
0.8304474315249665,1
0.7873570897729706,1
0.8336775892512751,1
0.7866967505037012,1
0.8408036785689688,1
0.5533286617774549,1
0.7640676394752766,1
0.5397476964969489,1
0.749448101505588,1
0.7566889827338483,1
0.9002559193579718,1
0.7669649888473704,1
0.8884723459235009,1
0.8097297585811035,1
0.8643854609802029,1
0.8132096565867686,1
0.7925974701078858,1
0.9160790546875913,1
0.8007585215632107,1
0.7785133872797462,1
0.8137892491458232,1
0.7861374600209118,1
0.8233046801579121,1
0.853884438105362,1
0.8003543791912232,1
0.8597070524157769,1
0.8820327918282083,1
0.8600813458916449,1
0.7985580110132574,1
0.8351896878849819,1
0.6268030736728538,1
0.5271136378801508,1
0.5397944177864972,1
0.635494398915736,1
0.6188360702285185,1
0.5274378820544772,1
0.8148347786331211,1
0.8650666576722588,1
0.8373993299154687,1
0.792449667273174,1
0.8506291373523349,1
0.805439441504152,1
0.8057494268584412,1
0.8473336161435437,1
0.8356153490348246,1
0.8206656437431674,1
0.8037190912240452,1
0.7947054554165826,1
0.7574123030336034,1
0.756583113571063,1
0.8214022576600393,1
0.6966319220028934,1
0.8170333005987461,1
0.958642256241227,1
0.8676778577703046,1
0.8138518435086967,1
0.8479868369213526,1
0.8531946508396149,1
0.9072745730956483,1
0.8761036846787148,1
0.8570311490082486,1
0.8303371967470361,1
0.8630110176509987,1
0.8128946583281215,1
0.8284795748701638,1
0.7892424098983326,1
0.8071869175807684,1
0.8541906875516299,1
0.8737346836920149,1
0.8407182234134252,1
0.850912169985846,1
0.8518717630161345,1
0.8274932266057005,1
0.9104872527657683,1
0.8787109816089232,1
0.8952479833558122,1
0.8446981875194111,1
0.9014180241471745,1
0.897212942024656,1
0.9306283399496373,1
0.8353804951612898,1
0.8250030939973412,1
0.8438901269912334,1
0.6252740039332715,1
0.8919695679904694,1
1.0415980878678044,1
0.9188081196691184,1
0.9334905864856982,1
0.9778164003561866,1
0.8786457081692686,1
0.8711901443064566,1
0.9012287827989648,1
0.8938500169897541,1
0.8628119378161686,1
0.8297106284071502,1
0.8188828396419818,1
0.8467344965115543,1
0.9914977040632286,1
0.9349650894710095,1
0.8508212233061364,1
0.9368912832077011,1
0.8545107483553094,1
0.8759356054616313,1
1.0759009369714267,1
0.915545295465753,1
1.0212334097938423,1
0.8634632608018025,1
1.0624958557762971,1
0.8464088848300274,1
0.8305431645752474,1
0.8736134421186112,1
0.8670528482609061,1
0.8847677299642203,1
0.8995054461681806,1
0.8582263933148188,1
0.892607173434098,1
0.8397317196092524,1
0.8501236607159864,1
0.9312529169007929,1
0.8848465456971684,1
0.8416052699640401,1
0.8683488168084257,1
0.8558422355408888,1
0.8175343700176168,1
0.9104280610284919,1
0.8795481295013707,1
0.8675319742601142,1
0.8978302255764845,1
0.8368283338453721,1
0.8905554187050181,1
0.8992878738065777,1
0.9768879198591186,1
0.8548997575586358,1
1.0046335763203424,1
0.9088264092911549,1
0.9764726781762602,1
0.8417260774389959,1
0.840956635939809,1
0.858040024350005,1
0.7960284068691097,1
0.8130846147383223,1
0.8258672579550667,1
0.7666506680880854,1
0.8091978268936066,1
0.8016692097435822,1
0.7717944357656333,1
0.7896563844402517,1
0.8450197502413409,1
0.8067125328362208,1
0.7697978912371058,1
0.935397344925249,1
1.0000935441116237,1
0.8741024529038565,1
0.8665527223145204,1
0.8656401872842174,1
0.9135587442354202,1
0.8571154417379093,1
0.8713445139396371,1
0.8322130940540994,1
0.9195352556431832,1
0.8638143159982913,1
0.8286100244000293,1
0.8991743014731346,1
0.9117647523909946,1
0.8872329245454643,1
0.8408508673064942,1
0.8457547060997292,1
0.7629648229666887,1
0.8036798622985724,1
0.8052324408569271,1
0.7975021190708784,1
0.7559062421698196,1
0.8471496261617205,1
0.78834327105938,1
0.820209388832857,1
0.7815648111108995,1
0.7952338082530157,1
0.7972331906942067,1
0.8055084653723822,1
0.8494909659961347,1
0.8000459076809666,1
0.7735492778536771,1
0.8057494268584412,1
0.7460788114681428,1
0.8013603312013639,1
0.8354338901927345,1
0.7922893433366774,1
0.7173784341552653,1
0.7536881666526947,1
0.7833752937178569,1
0.7495813706440452,1
0.7529814919575947,1
0.8351174025451708,1
0.8098400205934108,1
0.7897090569431193,1
0.8074853198340122,1
0.8088079053694126,1
0.8069797799818433,1
0.6181326181381386,1
0.7496709345843678,1
0.7299724371890404,1
0.8477780607668892,1
0.8572611745561682,1
0.7750263509824414,1
0.8083045745673707,1
0.784725120504021,1
0.7572003546393152,1
0.7856990461315798,1
0.760471227876703,1
0.7353616503168742,1
0.6262817587543992,1
0.8428921945191507,1
0.7774670830225799,1
0.7533539262658794,1
0.7560357349958468,1
0.8303371967470361,1
0.6555447199729906,1
0.7075145575870934,1
0.8067166546898702,1
0.7566081909131175,1
0.7260133447525587,1
0.8455613029568632,1
0.7457598272034791,1
0.7359138200484587,1
0.7718651000300487,1
0.5539162613921075,1
0.5926408775555785,1
0.8054549737578933,1
0.6014386947706587,1
0.7675617092617708,1
0.6317779009404082,1
0.7364816883543401,1
0.7633527957982937,1
0.6619908025823392,1
0.6058780405518507,1
0.5191575562468028,1
0.763754749354646,1
0.553215947486616,1
0.7152688738039322,1
0.619922991277644,1
0.6094566978672793,1
0.6023869095189861,1
0.49239545754958475,1
0.8806254104815202,1
0.5936294834548056,1
0.7800446258934407,1
0.786731314401533,1
0.6089924988386685,1
0.733678166834896,1
0.6391610533601447,1
0.7301289265140848,1
0.6710577971714806,1
0.8495187451148664,1
0.9059356584358303,1
0.7999821437602873,1
0.6884985796214496,1
0.6166914315709927,1
0.5689902773730983,1
0.623174270567148,1
0.6476980521852882,1
0.6643739538235723,1
0.7162145607396769,1
0.63166131644642,1
0.57925426561429,1
0.5760423204945455,1
0.6531691568121223,1
0.8358363858344315,1
0.7434888623193787,1
0.77168042404516,1
0.7749038846709018,1
0.6312244667336904,1
0.6769525188157882,1
0.6537569581391655,1
0.5754515316608401,1
0.7371751325643601,1
0.6172269446882307,1
0.5810261091964934,1
0.6007744600272107,1
0.6513923120989267,1
0.6234368034475506,1